title,description,published date,url,publisher
Holmes' measure to extend period for prosecution of COVID-19 fraud signed into law - Illinois Senate Democratic,Holmes' measure to extend period for prosecution of COVID-19 fraud signed into law  Illinois Senate Democratic,"Fri, 30 Jun 2023 07:00:00 GMT",https://news.google.com/rss/articles/CBMipwFodHRwczovL3d3dy5pbGxpbm9pc3NlbmF0ZWRlbW9jcmF0cy5jb20vY2F1Y3VzLW5ld3MvNTEtc2VuYXRvci1saW5kYS1ob2xtZXMtbmV3cy81MDM3LWhvbG1lcy1tZWFzdXJlLXRvLWV4dGVuZC1wZXJpb2QtZm9yLXByb3NlY3V0aW9uLW9mLWNvdmlkLTE5LWZyYXVkLXNpZ25lZC1pbnRvLWxhd9IBAA?oc=5&hl=en-US&gl=US&ceid=US:en,"{'href': 'https://www.illinoissenatedemocrats.com', 'title': 'Illinois Senate Democratic'}"
CIA tried to pay off analysts to bury findings that COVID lab leak was likely: whistleblower - New York Post,CIA tried to pay off analysts to bury findings that COVID lab leak was likely: whistleblower  New York Post ,"Tue, 12 Sep 2023 07:00:00 GMT",https://news.google.com/rss/articles/CBMiamh0dHBzOi8vbnlwb3N0LmNvbS8yMDIzLzA5LzEyL2NpYS10cmllZC10by1wYXktb2ZmLWFuYWx5c3RzLXRvLWJ1cnktY292aWQtbGFiLWxlYWstZmluZGluZ3Mtd2hpc3RsZWJsb3dlci_SAW5odHRwczovL255cG9zdC5jb20vMjAyMy8wOS8xMi9jaWEtdHJpZWQtdG8tcGF5LW9mZi1hbmFseXN0cy10by1idXJ5LWNvdmlkLWxhYi1sZWFrLWZpbmRpbmdzLXdoaXN0bGVibG93ZXIvYW1wLw?oc=5&hl=en-US&gl=US&ceid=US:en,"{'href': 'https://nypost.com', 'title': 'New York Post'}"
Judging How U.S. States Performed in the COVID-19 Pandemic Depends on the Metric - Council on Foreign Relations,Judging How U.S. States Performed in the COVID-19 Pandemic Depends on the Metric  Council on Foreign Relations,"Thu, 13 Jul 2023 07:00:00 GMT",https://news.google.com/rss/articles/CBMiXGh0dHBzOi8vd3d3LmNmci5vcmcvYXJ0aWNsZS9qdWRnaW5nLWhvdy11cy1zdGF0ZXMtcGVyZm9ybWVkLWNvdmlkLTE5LXBhbmRlbWljLWRlcGVuZHMtbWV0cmlj0gEA?oc=5&hl=en-US&gl=US&ceid=US:en,"{'href': 'https://www.cfr.org', 'title': 'Council on Foreign Relations'}"
10 COVID-19 Masks That Will Ship Right Away - Health.com,10 COVID-19 Masks That Will Ship Right Away  Health.com,"Fri, 11 Aug 2023 07:00:00 GMT",https://news.google.com/rss/articles/CBMiO2h0dHBzOi8vd3d3LmhlYWx0aC5jb20vY292aWQtMTktbWFza3MtZmFzdC1zaGlwcGluZy03NjQyNTQ50gEA?oc=5&hl=en-US&gl=US&ceid=US:en,"{'href': 'https://www.health.com', 'title': 'Health.com'}"
Impact of COVID-19 on Passenger and Freight Transportation - U.S. Census Bureau,Impact of COVID-19 on Passenger and Freight Transportation  U.S. Census Bureau,"Wed, 27 Sep 2023 07:00:00 GMT",https://news.google.com/rss/articles/CBMiVmh0dHBzOi8vd3d3LmNlbnN1cy5nb3YvbGlicmFyeS9zdG9yaWVzLzIwMjMvMDkvYWlyLXRyYW5zcG9ydGF0aW9uLXBhbmRlbWljLWltcGFjdC5odG1s0gEA?oc=5&hl=en-US&gl=US&ceid=US:en,"{'href': 'https://www.census.gov', 'title': 'U.S. Census Bureau'}"
Mask Up Again? COVID-19 Hospitalization Rates Rising - Videos from The Weather Channel - The Weather Channel,Mask Up Again? COVID-19 Hospitalization Rates Rising - Videos from The Weather Channel  The Weather Channel,"Thu, 10 Aug 2023 07:00:00 GMT",https://news.google.com/rss/articles/CBMiYGh0dHBzOi8vd2VhdGhlci5jb20vaGVhbHRoL2Nvcm9uYXZpcnVzL3ZpZGVvL21hc2stdXAtYWdhaW4tY292aWQtMTktaG9zcGl0YWxpemF0aW9uLXJhdGVzLXJpc2luZ9IBAA?oc=5&hl=en-US&gl=US&ceid=US:en,"{'href': 'https://weather.com', 'title': 'The Weather Channel'}"
Global Covid cases up 80% as new subvariant rises - FRANCE 24 English,Global Covid cases up 80% as new subvariant rises  FRANCE 24 English,"Fri, 11 Aug 2023 07:00:00 GMT",https://news.google.com/rss/articles/CBMiYWh0dHBzOi8vd3d3LmZyYW5jZTI0LmNvbS9lbi9saXZlLW5ld3MvMjAyMzA4MTEtZ2xvYmFsLWNvdmlkLWNhc2VzLXVwLTgwLWFzLW5ldy1zdWJ2YXJpYW50LXJpc2VzLTHSAQA?oc=5&hl=en-US&gl=US&ceid=US:en,"{'href': 'https://www.france24.com', 'title': 'FRANCE 24 English'}"
Long-COVID patients have altered metabolite levels 2 years after infection - University of Minnesota Twin Cities,Long-COVID patients have altered metabolite levels 2 years after infection  University of Minnesota Twin Cities,"Tue, 01 Aug 2023 07:00:00 GMT",https://news.google.com/rss/articles/CBMibmh0dHBzOi8vd3d3LmNpZHJhcC51bW4uZWR1L2NvdmlkLTE5L2xvbmctY292aWQtcGF0aWVudHMtaGF2ZS1hbHRlcmVkLW1ldGFib2xpdGUtbGV2ZWxzLTIteWVhcnMtYWZ0ZXItaW5mZWN0aW9u0gEA?oc=5&hl=en-US&gl=US&ceid=US:en,"{'href': 'https://www.cidrap.umn.edu', 'title': 'University of Minnesota Twin Cities'}"
"At Yale's Long COVID Clinic, Lisa Sanders Is Trying It All - New York Magazine","At Yale's Long COVID Clinic, Lisa Sanders Is Trying It All  New York Magazine","Tue, 29 Aug 2023 07:00:00 GMT",https://news.google.com/rss/articles/CBMiTmh0dHBzOi8vbnltYWcuY29tL2ludGVsbGlnZW5jZXIvYXJ0aWNsZS9sb25nLWNvdmlkLXRyZWF0bWVudC1saXNhLXNhbmRlcnMuaHRtbNIBAA?oc=5&hl=en-US&gl=US&ceid=US:en,"{'href': 'https://nymag.com', 'title': 'New York Magazine'}"
AstraZeneca Q2 results beat estimates; COVID vaccine sales dry up - Reuters,AstraZeneca Q2 results beat estimates; COVID vaccine sales dry up  Reuters,"Fri, 28 Jul 2023 07:00:00 GMT",https://news.google.com/rss/articles/CBMifGh0dHBzOi8vd3d3LnJldXRlcnMuY29tL2J1c2luZXNzL2hlYWx0aGNhcmUtcGhhcm1hY2V1dGljYWxzL2FzdHJhemVuZWNhLXNlY29uZC1xdWFydGVyLXByb2ZpdC1iZWF0cy1leHBlY3RhdGlvbnMtMjAyMy0wNy0yOC_SAQA?oc=5&hl=en-US&gl=US&ceid=US:en,"{'href': 'https://www.reuters.com', 'title': 'Reuters'}"
Everything you need to know about COVID toes - MercyOne,Everything you need to know about COVID toes  MercyOne,"Mon, 24 Jul 2023 18:23:08 GMT",https://news.google.com/rss/articles/CBMifGh0dHBzOi8vd3d3Lm1lcmN5b25lLm9yZy9oZWFsdGgtYW5kLXdlbGxuZXNzL2hlYWx0aC1hbnN3ZXJzL2luZmVjdGlvdXMtZGlzZWFzZXMvZXZlcnl0aGluZy15b3UtbmVlZC10by1rbm93LWFib3V0LWNvdmlkLXRvZXPSAQA?oc=5&hl=en-US&gl=US&ceid=US:en,"{'href': 'https://www.mercyone.org', 'title': 'MercyOne'}"
"Federal COVID relief for schools dwindles, as learning loss persists - Chalkbeat","Federal COVID relief for schools dwindles, as learning loss persists  Chalkbeat","Tue, 05 Sep 2023 07:00:00 GMT",https://news.google.com/rss/articles/CBMiXmh0dHBzOi8vd3d3LmNoYWxrYmVhdC5vcmcvMjAyMy85LzYvMjM4NTExNDMvY292aWQtcmVsaWVmLXNjaG9vbHMtZXNzZXItc3BlbmRpbmctbGVhcm5pbmctbG9zcy_SAQA?oc=5&hl=en-US&gl=US&ceid=US:en,"{'href': 'https://www.chalkbeat.org', 'title': 'Chalkbeat'}"
COVID-19 outbreaks in Australian residential aged care facilities – 13 July 2023 - Department of Health,COVID-19 outbreaks in Australian residential aged care facilities – 13 July 2023  Department of Health,"Fri, 14 Jul 2023 07:00:00 GMT",https://news.google.com/rss/articles/CBMiiwFodHRwczovL3d3dy5oZWFsdGguZ292LmF1L3Jlc291cmNlcy9wdWJsaWNhdGlvbnMvY292aWQtMTktb3V0YnJlYWtzLWluLWF1c3RyYWxpYW4tcmVzaWRlbnRpYWwtYWdlZC1jYXJlLWZhY2lsaXRpZXMtMTMtanVseS0yMDIzP2xhbmd1YWdlPWVu0gEA?oc=5&hl=en-US&gl=US&ceid=US:en,"{'href': 'https://www.health.gov.au', 'title': 'Department of Health'}"
Where Can I Find the New COVID Vaccine Near Me? - KQED,Where Can I Find the New COVID Vaccine Near Me?  KQED,"Wed, 13 Sep 2023 07:00:00 GMT",https://news.google.com/rss/articles/CBMiRmh0dHBzOi8vd3d3LmtxZWQub3JnL25ld3MvMTE5NjA2MzAvZnJlZS1uZXctY292aWQtdmFjY2luZS1uZWFyLW1lLTIwMjPSAQA?oc=5&hl=en-US&gl=US&ceid=US:en,"{'href': 'https://www.kqed.org', 'title': 'KQED'}"
"Covid-19, flu, RSV vaccines: Who should get them and when - CNBC","Covid-19, flu, RSV vaccines: Who should get them and when  CNBC","Tue, 12 Sep 2023 07:00:00 GMT",https://news.google.com/rss/articles/CBMiW2h0dHBzOi8vd3d3LmNuYmMuY29tLzIwMjMvMDkvMTIvY292aWQtMTktZmx1LXJzdi12YWNjaW5lcy13aG8tc2hvdWxkLWdldC10aGVtLWFuZC13aGVuLmh0bWzSAQA?oc=5&hl=en-US&gl=US&ceid=US:en,"{'href': 'https://www.cnbc.com', 'title': 'CNBC'}"
Texas Supreme Court says Gov. Greg Abbott's COVID ban on local mask rules was lawful - The Texas Tribune,Texas Supreme Court says Gov. Greg Abbott's COVID ban on local mask rules was lawful  The Texas Tribune,"Fri, 30 Jun 2023 07:00:00 GMT",https://news.google.com/rss/articles/CBMiVGh0dHBzOi8vd3d3LnRleGFzdHJpYnVuZS5vcmcvMjAyMy8wNi8zMC90ZXhhcy1zdXByZW1lLWNvdXJ0LWdyZWctYWJib3R0LWNvdmlkLW1hc2tzL9IBAA?oc=5&hl=en-US&gl=US&ceid=US:en,"{'href': 'https://www.texastribune.org', 'title': 'The Texas Tribune'}"
Pfizer expects updated Covid-19 vaccines to be approved by end of August - CNN,Pfizer expects updated Covid-19 vaccines to be approved by end of August  CNN,"Wed, 02 Aug 2023 07:00:00 GMT",https://news.google.com/rss/articles/CBMib2h0dHBzOi8vd3d3LmNubi5jb20vdmlkZW9zL2hlYWx0aC8yMDIzLzA4LzAyL2V4cC1wZml6ZXItY292aWQtdmFjY2luZS11cGRhdGVkLWNodXJjaC0wODAyMDJhc2VnMS1jbm5pLXdvcmxkLmNubtIBAA?oc=5&hl=en-US&gl=US&ceid=US:en,"{'href': 'https://www.cnn.com', 'title': 'CNN'}"
FDA approves updated COVID vaccines for this fall - The Associated Press,FDA approves updated COVID vaccines for this fall  The Associated Press,"Mon, 11 Sep 2023 07:00:00 GMT",https://news.google.com/rss/articles/CBMiVmh0dHBzOi8vYXBuZXdzLmNvbS9hcnRpY2xlL2NvdmlkLXZhY2NpbmVzLWNvcm9uYXZpcnVzLTIzNGYyN2M3NDQzOGZiNDgxMmEwMTRkYmQ5OGRkYmRl0gEA?oc=5&hl=en-US&gl=US&ceid=US:en,"{'href': 'https://apnews.com', 'title': 'The Associated Press'}"
CDC tracking new COVID variant BA.2.86 after highly mutated strain reported in Michigan - CBS News,CDC tracking new COVID variant BA.2.86 after highly mutated strain reported in Michigan  CBS News,"Fri, 18 Aug 2023 07:00:00 GMT",https://news.google.com/rss/articles/CBMiRGh0dHBzOi8vd3d3LmNic25ld3MuY29tL25ld3MvbmV3LWNvdmlkLXZhcmlhbnQtYmEyODYtd2hvLW1vbml0b3Jpbmcv0gFIaHR0cHM6Ly93d3cuY2JzbmV3cy5jb20vYW1wL25ld3MvbmV3LWNvdmlkLXZhcmlhbnQtYmEyODYtd2hvLW1vbml0b3Jpbmcv?oc=5&hl=en-US&gl=US&ceid=US:en,"{'href': 'https://www.cbsnews.com', 'title': 'CBS News'}"
"Covid Continues to Rise, but Experts Remain Optimistic - The New York Times","Covid Continues to Rise, but Experts Remain Optimistic  The New York Times","Thu, 07 Sep 2023 07:00:00 GMT",https://news.google.com/rss/articles/CBMiVWh0dHBzOi8vd3d3Lm55dGltZXMuY29tLzIwMjMvMDkvMDcvaGVhbHRoL2NvdmlkLWRlYXRocy1ob3NwaXRhbGl6YXRpb25zLXZhY2NpbmVzLmh0bWzSAQA?oc=5&hl=en-US&gl=US&ceid=US:en,"{'href': 'https://www.nytimes.com', 'title': 'The New York Times'}"
CIA 'looking into' allegations connected to COVID-19 origins - ABC News,CIA 'looking into' allegations connected to COVID-19 origins  ABC News,"Wed, 13 Sep 2023 07:00:00 GMT",https://news.google.com/rss/articles/CBMiV2h0dHBzOi8vYWJjbmV3cy5nby5jb20vVVMvY2lhLWFsbGVnYXRpb25zLWNvbm5lY3RlZC1jb3ZpZC0xOS1vcmlnaW5zL3N0b3J5P2lkPTEwMzE2MjEzM9IBW2h0dHBzOi8vYWJjbmV3cy5nby5jb20vYW1wL1VTL2NpYS1hbGxlZ2F0aW9ucy1jb25uZWN0ZWQtY292aWQtMTktb3JpZ2lucy9zdG9yeT9pZD0xMDMxNjIxMzM?oc=5&hl=en-US&gl=US&ceid=US:en,"{'href': 'https://abcnews.go.com', 'title': 'ABC News'}"
More COVID-19 studies suggest BA.2.86 may be less immune-evasive than feared - University of Minnesota Twin Cities,More COVID-19 studies suggest BA.2.86 may be less immune-evasive than feared  University of Minnesota Twin Cities,"Tue, 05 Sep 2023 07:00:00 GMT",https://news.google.com/rss/articles/CBMiaWh0dHBzOi8vd3d3LmNpZHJhcC51bW4uZWR1L2NvdmlkLTE5L21vcmUtY292aWQtMTktc3R1ZGllcy1zdWdnZXN0LWJhMjg2LW1heS1iZS1sZXNzLWltbXVuZS1ldmFzaXZlLWZlYXJlZNIBAA?oc=5&hl=en-US&gl=US&ceid=US:en,"{'href': 'https://www.cidrap.umn.edu', 'title': 'University of Minnesota Twin Cities'}"
Measuring the Accuracy of PCR Tests Can Improve Health Care Beyond COVID-19 - NIST,Measuring the Accuracy of PCR Tests Can Improve Health Care Beyond COVID-19  NIST,"Wed, 13 Sep 2023 07:00:00 GMT",https://news.google.com/rss/articles/CBMibmh0dHBzOi8vd3d3Lm5pc3QuZ292L2Jsb2dzL3Rha2luZy1tZWFzdXJlL21lYXN1cmluZy1hY2N1cmFjeS1wY3ItdGVzdHMtY2FuLWltcHJvdmUtaGVhbHRoLWNhcmUtYmV5b25kLWNvdmlkLTE50gEA?oc=5&hl=en-US&gl=US&ceid=US:en,"{'href': 'https://www.nist.gov', 'title': 'NIST'}"
Recent Grad Earns Scholarship To Pursue COVID-19 Research in London - UVA Today,Recent Grad Earns Scholarship To Pursue COVID-19 Research in London  UVA Today,"Tue, 08 Aug 2023 07:00:00 GMT",https://news.google.com/rss/articles/CBMiX2h0dHBzOi8vbmV3cy52aXJnaW5pYS5lZHUvY29udGVudC9yZWNlbnQtZ3JhZC1lYXJucy1zY2hvbGFyc2hpcC1wdXJzdWUtY292aWQtMTktcmVzZWFyY2gtbG9uZG9u0gEA?oc=5&hl=en-US&gl=US&ceid=US:en,"{'href': 'https://news.virginia.edu', 'title': 'UVA Today'}"
"Deadly, COVID-style pandemic could easily start in US, report finds - USA TODAY","Deadly, COVID-style pandemic could easily start in US, report finds  USA TODAY","Sat, 22 Jul 2023 07:00:00 GMT",https://news.google.com/rss/articles/CBMihAFodHRwczovL3d3dy51c2F0b2RheS5jb20vc3RvcnkvbmV3cy9oZWFsdGgvMjAyMy8wNy8yMi9kZWFkbHktY292aWQtc3R5bGUtcGFuZGVtaWMtY291bGQtZWFzaWx5LXN0YXJ0LWluLXVzLXJlcG9ydC1maW5kcy83MDQ0Mjc4NjAwNy_SAQA?oc=5&hl=en-US&gl=US&ceid=US:en,"{'href': 'https://www.usatoday.com', 'title': 'USA TODAY'}"
Will the New COVID Boosters Protect Against the Pirola Variant? - Northeastern University,Will the New COVID Boosters Protect Against the Pirola Variant?  Northeastern University,"Thu, 31 Aug 2023 07:00:00 GMT",https://news.google.com/rss/articles/CBMiSmh0dHBzOi8vbmV3cy5ub3J0aGVhc3Rlcm4uZWR1LzIwMjMvMDgvMzEvbmV3LWNvdmlkLWJvb3N0ZXItcGlyb2xhLXZhcmlhbnQv0gEA?oc=5&hl=en-US&gl=US&ceid=US:en,"{'href': 'https://news.northeastern.edu', 'title': 'Northeastern University'}"
How to Get Paxlovid for COVID in 2023 - Verywell Health,How to Get Paxlovid for COVID in 2023  Verywell Health,"Tue, 22 Aug 2023 07:00:00 GMT",https://news.google.com/rss/articles/CBMiOmh0dHBzOi8vd3d3LnZlcnl3ZWxsaGVhbHRoLmNvbS9ob3ctdG8tZ2V0LXBheGxvdmlkLTc2OTMwMzPSAQA?oc=5&hl=en-US&gl=US&ceid=US:en,"{'href': 'https://www.verywellhealth.com', 'title': 'Verywell Health'}"
What to Know About the New COVID-19 Booster Shots Planned for Next Month - U.S. News & World Report,What to Know About the New COVID-19 Booster Shots Planned for Next Month  U.S. News & World Report,"Wed, 30 Aug 2023 07:00:00 GMT",https://news.google.com/rss/articles/CBMiiAFodHRwczovL3d3dy51c25ld3MuY29tL25ld3MvaGVhbHRoLW5ld3MvYXJ0aWNsZXMvMjAyMy0wOC0zMC9leHBsYWluZXItd2hhdC10by1rbm93LWFib3V0LXRoZS1uZXctY292aWQtMTktYm9vc3Rlci1zaG90cy1wbGFubmVkLWZvci1mYWxs0gEA?oc=5&hl=en-US&gl=US&ceid=US:en,"{'href': 'https://www.usnews.com', 'title': 'U.S. News & World Report'}"
Biden says he will request more funding for a new COVID-19 vaccine - PBS NewsHour,Biden says he will request more funding for a new COVID-19 vaccine  PBS NewsHour,"Fri, 25 Aug 2023 07:00:00 GMT",https://news.google.com/rss/articles/CBMidmh0dHBzOi8vd3d3LnBicy5vcmcvbmV3c2hvdXIvcG9saXRpY3MvcHJlc2lkZW50LWpvZS1iaWRlbi1zYXlzLWhlLXdpbGwtcmVxdWVzdC1tb3JlLWZ1bmRpbmctZm9yLWEtbmV3LWNvdmlkLTE5LXZhY2NpbmXSAXpodHRwczovL3d3dy5wYnMub3JnL25ld3Nob3VyL2FtcC9wb2xpdGljcy9wcmVzaWRlbnQtam9lLWJpZGVuLXNheXMtaGUtd2lsbC1yZXF1ZXN0LW1vcmUtZnVuZGluZy1mb3ItYS1uZXctY292aWQtMTktdmFjY2luZQ?oc=5&hl=en-US&gl=US&ceid=US:en,"{'href': 'https://www.pbs.org', 'title': 'PBS NewsHour'}"
"Impact of COVID-19, cancer survivorship and patient-provider communication on mental health in the US Difference-In ... - Nature.com","Impact of COVID-19, cancer survivorship and patient-provider communication on mental health in the US Difference-In ...  Nature.com","Wed, 30 Aug 2023 07:00:00 GMT",https://news.google.com/rss/articles/CBMiMmh0dHBzOi8vd3d3Lm5hdHVyZS5jb20vYXJ0aWNsZXMvczQ0MTg0LTAyMy0wMDAzNC140gEA?oc=5&hl=en-US&gl=US&ceid=US:en,"{'href': 'https://www.nature.com', 'title': 'Nature.com'}"
The Covid Test Company That Got Into the Migrant Business - The New York Times,The Covid Test Company That Got Into the Migrant Business  The New York Times,"Tue, 01 Aug 2023 07:00:00 GMT",https://news.google.com/rss/articles/CBMiamh0dHBzOi8vd3d3Lm55dGltZXMuY29tLzIwMjMvMDgvMDEvbnlyZWdpb24vdGhlLWNvdmlkLXRlc3QtY29tcGFueS10aGF0LWdvdC1pbnRvLXRoZS1taWdyYW50LWJ1c2luZXNzLmh0bWzSAQA?oc=5&hl=en-US&gl=US&ceid=US:en,"{'href': 'https://www.nytimes.com', 'title': 'The New York Times'}"
Covid EG.5 Subvariant Surge: Is Heat to Blame? - Bloomberg,Covid EG.5 Subvariant Surge: Is Heat to Blame?  Bloomberg,"Wed, 09 Aug 2023 07:00:00 GMT",https://news.google.com/rss/articles/CBMiYmh0dHBzOi8vd3d3LmJsb29tYmVyZy5jb20vb3Bpbmlvbi9hcnRpY2xlcy8yMDIzLTA4LTA5L2NvdmlkLWVnLTUtc3VidmFyaWFudC1zdXJnZS1pcy1oZWF0LXRvLWJsYW1l0gEA?oc=5&hl=en-US&gl=US&ceid=US:en,"{'href': 'https://www.bloomberg.com', 'title': 'Bloomberg'}"
AIM concludes enrolment in trial to treat post-Covid conditions - Clinical Trials Arena,AIM concludes enrolment in trial to treat post-Covid conditions  Clinical Trials Arena,"Wed, 09 Aug 2023 07:00:00 GMT",https://news.google.com/rss/articles/CBMiQmh0dHBzOi8vd3d3LmNsaW5pY2FsdHJpYWxzYXJlbmEuY29tL25ld3MvYWltLWVucm9sbWVudC1wb3N0LWNvdmlkL9IBAA?oc=5&hl=en-US&gl=US&ceid=US:en,"{'href': 'https://www.clinicaltrialsarena.com', 'title': 'Clinical Trials Arena'}"
Resilient biomedical scientists' careers took a hit during pandemic - Northwestern Now,Resilient biomedical scientists' careers took a hit during pandemic  Northwestern Now,"Wed, 09 Aug 2023 07:00:00 GMT",https://news.google.com/rss/articles/CBMicWh0dHBzOi8vbmV3cy5ub3J0aHdlc3Rlcm4uZWR1L3N0b3JpZXMvMjAyMy8wOC9yZXNpbGllbnQtYmlvbWVkaWNhbC1zY2llbnRpc3RzLWNhcmVlcnMtdG9vay1hLWhpdC1kdXJpbmctcGFuZGVtaWMv0gEA?oc=5&hl=en-US&gl=US&ceid=US:en,"{'href': 'https://news.northwestern.edu', 'title': 'Northwestern Now'}"
Walgreens Now Offering Updated COVID-19 Vaccine Appointments - Walgreens Boots Alliance,Walgreens Now Offering Updated COVID-19 Vaccine Appointments  Walgreens Boots Alliance,"Tue, 12 Sep 2023 07:00:00 GMT",https://news.google.com/rss/articles/CBMiggFodHRwczovL3d3dy53YWxncmVlbnNib290c2FsbGlhbmNlLmNvbS9uZXdzLW1lZGlhL3ByZXNzLXJlbGVhc2VzLzIwMjMvd2FsZ3JlZW5zLW5vdy1vZmZlcmluZy11cGRhdGVkLWNvdmlkLTE5LXZhY2NpbmUtYXBwb2ludG1lbnRz0gEA?oc=5&hl=en-US&gl=US&ceid=US:en,"{'href': 'https://www.walgreensbootsalliance.com', 'title': 'Walgreens Boots Alliance'}"
The impact of COVID-19 and anti-immigration policy on an undocumented student in the United States: a qualitative ... - Journal of Global Health Reports,The impact of COVID-19 and anti-immigration policy on an undocumented student in the United States: a qualitative ...  Journal of Global Health Reports,"Thu, 14 Sep 2023 07:00:00 GMT",https://news.google.com/rss/articles/CBMinwFodHRwczovL3d3dy5qb2doci5vcmcvYXJ0aWNsZS83NTE2OC10aGUtaW1wYWN0LW9mLWNvdmlkLTE5LWFuZC1hbnRpLWltbWlncmF0aW9uLXBvbGljeS1vbi1hbi11bmRvY3VtZW50ZWQtc3R1ZGVudC1pbi10aGUtdW5pdGVkLXN0YXRlcy1hLXF1YWxpdGF0aXZlLWNhc2Utc3R1ZHnSAQA?oc=5&hl=en-US&gl=US&ceid=US:en,"{'href': 'https://www.joghr.org', 'title': 'Journal of Global Health Reports'}"
How Long Can You Test Positive for COVID-19? - Health.com,How Long Can You Test Positive for COVID-19?  Health.com,"Fri, 11 Aug 2023 07:00:00 GMT",https://news.google.com/rss/articles/CBMibGh0dHBzOi8vd3d3LmhlYWx0aC5jb20vY29uZGl0aW9uL2luZmVjdGlvdXMtZGlzZWFzZXMvY29yb25hdmlydXMvaG93LWxvbmctY2FuLXlvdS10ZXN0LXBvc2l0aXZlLWZvci1jb3ZpZC0xOdIBAA?oc=5&hl=en-US&gl=US&ceid=US:en,"{'href': 'https://www.health.com', 'title': 'Health.com'}"
What to Know About ﻿the ﻿BA.2.86 'Pirola' Variant - AARP,What to Know About ﻿the ﻿BA.2.86 'Pirola' Variant  AARP,"Tue, 29 Aug 2023 07:00:00 GMT",https://news.google.com/rss/articles/CBMiW2h0dHBzOi8vd3d3LmFhcnAub3JnL2hlYWx0aC9jb25kaXRpb25zLXRyZWF0bWVudHMvaW5mby0yMDIzL2xhdGVzdC1jb3ZpZC12YXJpYW50LWJhMjg2Lmh0bWzSAQA?oc=5&hl=en-US&gl=US&ceid=US:en,"{'href': 'https://www.aarp.org', 'title': 'AARP'}"
Who should get the new covid vaccine booster and when - The Washington Post,Who should get the new covid vaccine booster and when  The Washington Post,"Mon, 11 Sep 2023 07:00:00 GMT",https://news.google.com/rss/articles/CBMiQ2h0dHBzOi8vd3d3Lndhc2hpbmd0b25wb3N0LmNvbS9oZWFsdGgvMjAyMy8wOS8xMS9uZXctY292aWQtYm9vc3Rlci_SAQA?oc=5&hl=en-US&gl=US&ceid=US:en,"{'href': 'https://www.washingtonpost.com', 'title': 'The Washington Post'}"
"How a secret Chinese-run lab in California illegally stored vials of COVID-19, other diseases - Sacramento Bee","How a secret Chinese-run lab in California illegally stored vials of COVID-19, other diseases  Sacramento Bee","Mon, 07 Aug 2023 07:00:00 GMT",https://news.google.com/rss/articles/CBMiPGh0dHBzOi8vd3d3LnNhY2JlZS5jb20vbmV3cy9jYWxpZm9ybmlhL2FydGljbGUyNzc5NDk0NjguaHRtbNIBPGh0dHBzOi8vYW1wLnNhY2JlZS5jb20vbmV3cy9jYWxpZm9ybmlhL2FydGljbGUyNzc5NDk0NjguaHRtbA?oc=5&hl=en-US&gl=US&ceid=US:en,"{'href': 'https://www.sacbee.com', 'title': 'Sacramento Bee'}"
"Covid-19 in Vermont: Answers on the new variant, testing, vaccines and more - Vermont Public","Covid-19 in Vermont: Answers on the new variant, testing, vaccines and more  Vermont Public","Wed, 30 Aug 2023 07:00:00 GMT",https://news.google.com/rss/articles/CBMicGh0dHBzOi8vd3d3LnZlcm1vbnRwdWJsaWMub3JnL2xvY2FsLW5ld3MvMjAyMy0wOC0yOS9hbnN3ZXJpbmcteW91ci1xdWVzdGlvbnMtYWJvdXQtY292aWQtMTktaW4tdmVybW9udC10aGlzLWZhbGzSAQA?oc=5&hl=en-US&gl=US&ceid=US:en,"{'href': 'https://www.vermontpublic.org', 'title': 'Vermont Public'}"
"FDA Approves, CDC Panel Recommends New COVID-19 Vaccines to Protect against Variants - American College of Surgeons","FDA Approves, CDC Panel Recommends New COVID-19 Vaccines to Protect against Variants  American College of Surgeons","Tue, 12 Sep 2023 07:00:00 GMT",https://news.google.com/rss/articles/CBMiyQFodHRwczovL3d3dy5mYWNzLm9yZy9mb3ItbWVkaWNhbC1wcm9mZXNzaW9uYWxzL25ld3MtcHVibGljYXRpb25zL25ld3MtYW5kLWFydGljbGVzL2Fjcy1icmllZi9zZXB0ZW1iZXItMTItMjAyMy1pc3N1ZS9mZGEtYXBwcm92ZXMtY2RjLXBhbmVsLXJlY29tbWVuZHMtbmV3LWNvdmlkLTE5LXZhY2NpbmVzLXRvLXByb3RlY3QtYWdhaW5zdC12YXJpYW50cy_SAQA?oc=5&hl=en-US&gl=US&ceid=US:en,"{'href': 'https://www.facs.org', 'title': 'American College of Surgeons'}"
UN General Assembly High-Level Meetings on health 2023 - World Health Organization (WHO),UN General Assembly High-Level Meetings on health 2023  World Health Organization (WHO),"Wed, 20 Sep 2023 07:00:00 GMT",https://news.google.com/rss/articles/CBMifmh0dHBzOi8vd3d3Lndoby5pbnQvbmV3cy1yb29tL2V2ZW50cy9kZXRhaWwvMjAyMy8wOS8yMC9kZWZhdWx0LWNhbGVuZGFyL3VuLWdlbmVyYWwtYXNzZW1ibHktaGlnaC1sZXZlbC1tZWV0aW5ncy1vbi1oZWFsdGgtMjAyM9IBAA?oc=5&hl=en-US&gl=US&ceid=US:en,"{'href': 'https://www.who.int', 'title': 'World Health Organization (WHO)'}"
A Clue Into Long COVID from Patients with Rheumatic Diseases - Harvard Medical School,A Clue Into Long COVID from Patients with Rheumatic Diseases  Harvard Medical School,"Wed, 06 Sep 2023 07:00:00 GMT",https://news.google.com/rss/articles/CBMiSGh0dHBzOi8vaG1zLmhhcnZhcmQuZWR1L25ld3MvY2x1ZS1sb25nLWNvdmlkLXBhdGllbnRzLXJoZXVtYXRpYy1kaXNlYXNlc9IBAA?oc=5&hl=en-US&gl=US&ceid=US:en,"{'href': 'https://hms.harvard.edu', 'title': 'Harvard Medical School'}"
Genetic screen reveals protein primed to stop COVID-19 virus - Yale News,Genetic screen reveals protein primed to stop COVID-19 virus  Yale News,"Wed, 12 Jul 2023 07:00:00 GMT",https://news.google.com/rss/articles/CBMiWmh0dHBzOi8vbmV3cy55YWxlLmVkdS8yMDIzLzA3LzEyL2dlbmV0aWMtc2NyZWVuLXJldmVhbHMtcHJvdGVpbi1wcmltZWQtc3RvcC1jb3ZpZC0xOS12aXJ1c9IBAA?oc=5&hl=en-US&gl=US&ceid=US:en,"{'href': 'https://news.yale.edu', 'title': 'Yale News'}"
"What to know about new COVID, flu, RSV vaccines in California - Los Angeles Times","What to know about new COVID, flu, RSV vaccines in California  Los Angeles Times","Fri, 11 Aug 2023 07:00:00 GMT",https://news.google.com/rss/articles/CBMibGh0dHBzOi8vd3d3LmxhdGltZXMuY29tL2NhbGlmb3JuaWEvc3RvcnkvMjAyMy0wOC0xMS93aG8tc2hvdWxkLWdldC10aGUtdXBjb21pbmctY292aWQtZmx1LXJzdi1zaG90cy1hbmQtd2hlbtIBAA?oc=5&hl=en-US&gl=US&ceid=US:en,"{'href': 'https://www.latimes.com', 'title': 'Los Angeles Times'}"
3 Years Into Long COVID: Where Do We Go From Here? - Medscape,3 Years Into Long COVID: Where Do We Go From Here?  Medscape,"Thu, 29 Jun 2023 07:00:00 GMT",https://news.google.com/rss/articles/CBMiK2h0dHBzOi8vd3d3Lm1lZHNjYXBlLmNvbS92aWV3YXJ0aWNsZS85OTM4MjfSAQA?oc=5&hl=en-US&gl=US&ceid=US:en,"{'href': 'https://www.medscape.com', 'title': 'Medscape'}"
Does Nicotine Kill the COVID-19 Virus? - Healthline,Does Nicotine Kill the COVID-19 Virus?  Healthline,"Wed, 05 Jul 2023 07:00:00 GMT",https://news.google.com/rss/articles/CBMiQmh0dHBzOi8vd3d3LmhlYWx0aGxpbmUuY29tL2hlYWx0aC9zbW9raW5nL2RvZXMtbmljb3RpbmUta2lsbC1jb3ZpZNIBAA?oc=5&hl=en-US&gl=US&ceid=US:en,"{'href': 'https://www.healthline.com', 'title': 'Healthline'}"
HHS Launches Bridge Access Program to Safeguard Free COVID-19 Vaccination for Uninsured and Underinsured ... - CDC,HHS Launches Bridge Access Program to Safeguard Free COVID-19 Vaccination for Uninsured and Underinsured ...  CDC,"Thu, 14 Sep 2023 07:00:00 GMT",https://news.google.com/rss/articles/CBMiSGh0dHBzOi8vd3d3LmNkYy5nb3YvbWVkaWEvcmVsZWFzZXMvMjAyMy9wMDkxNC11bmluc3VyZWQtdmFjY2luYXRpb24uaHRtbNIBAA?oc=5&hl=en-US&gl=US&ceid=US:en,"{'href': 'https://www.cdc.gov', 'title': 'CDC'}"
"Moderna, Pfizer say updated COVID shots generate strong response vs newer variant - Reuters","Moderna, Pfizer say updated COVID shots generate strong response vs newer variant  Reuters","Wed, 06 Sep 2023 07:00:00 GMT",https://news.google.com/rss/articles/CBMijQFodHRwczovL3d3dy5yZXV0ZXJzLmNvbS9idXNpbmVzcy9oZWFsdGhjYXJlLXBoYXJtYWNldXRpY2Fscy9tb2Rlcm5hLXNheXMtdXBkYXRlZC1jb3ZpZC12YWNjaW5lLWlzLWVmZmVjdGl2ZS1hZ2FpbnN0LW5ld2VyLXZhcmlhbnQtMjAyMy0wOS0wNi_SAQA?oc=5&hl=en-US&gl=US&ceid=US:en,"{'href': 'https://www.reuters.com', 'title': 'Reuters'}"
HLA-E–restricted SARS-CoV-2–specific T cells from convalescent COVID-19 patients suppress virus replication ... - Science,HLA-E–restricted SARS-CoV-2–specific T cells from convalescent COVID-19 patients suppress virus replication ...  Science,"Fri, 30 Jun 2023 07:00:00 GMT",https://news.google.com/rss/articles/CBMiNmh0dHBzOi8vd3d3LnNjaWVuY2Uub3JnL2RvaS8xMC4xMTI2L3NjaWltbXVub2wuYWJsODg4MdIBAA?oc=5&hl=en-US&gl=US&ceid=US:en,"{'href': 'https://www.science.org', 'title': 'Science'}"
"Should You Get Another Covid Booster Now, or Wait Until the Fall? - The New York Times","Should You Get Another Covid Booster Now, or Wait Until the Fall?  The New York Times","Thu, 07 Sep 2023 07:00:00 GMT",https://news.google.com/rss/articles/CBMiN2h0dHBzOi8vd3d3Lm55dGltZXMuY29tL2FydGljbGUvY292aWQtYm9vc3Rlci1mYWxsLmh0bWzSAQA?oc=5&hl=en-US&gl=US&ceid=US:en,"{'href': 'https://www.nytimes.com', 'title': 'The New York Times'}"
"With COVID cases rising, here are the guidelines to follow if you test positive - NBC Chicago","With COVID cases rising, here are the guidelines to follow if you test positive  NBC Chicago","Thu, 07 Sep 2023 07:00:00 GMT",https://news.google.com/rss/articles/CBMigwFodHRwczovL3d3dy5uYmNjaGljYWdvLmNvbS9uZXdzL2Nvcm9uYXZpcnVzL3dpdGgtY292aWQtY2FzZXMtcmlzaW5nLWhlcmUtYXJlLXRoZS1ndWlkZWxpbmVzLXRvLWZvbGxvdy1pZi15b3UtdGVzdC1wb3NpdGl2ZS8zMjIzMTEzL9IBiQFodHRwczovL3d3dy5uYmNjaGljYWdvLmNvbS9uZXdzL2Nvcm9uYXZpcnVzL3dpdGgtY292aWQtY2FzZXMtcmlzaW5nLWhlcmUtYXJlLXRoZS1ndWlkZWxpbmVzLXRvLWZvbGxvdy1pZi15b3UtdGVzdC1wb3NpdGl2ZS8zMjIzMTEzLz9hbXA9MQ?oc=5&hl=en-US&gl=US&ceid=US:en,"{'href': 'https://www.nbcchicago.com', 'title': 'NBC Chicago'}"
Hospital changed procedures after CBS 2 bought empty COVID vaccine vials - CBS Chicago,Hospital changed procedures after CBS 2 bought empty COVID vaccine vials  CBS Chicago,"Wed, 20 Sep 2023 07:00:00 GMT",https://news.google.com/rss/articles/CBMiZGh0dHBzOi8vd3d3LmNic25ld3MuY29tL2NoaWNhZ28vbmV3cy9ob3NwaXRhbC1jaGFuZ2VkLWRpc3Bvc2FsLXByb2NlZHVyZXMtZW1wdHktY292aWQtdmFjY2luZS12aWFscy_SAWhodHRwczovL3d3dy5jYnNuZXdzLmNvbS9hbXAvY2hpY2Fnby9uZXdzL2hvc3BpdGFsLWNoYW5nZWQtZGlzcG9zYWwtcHJvY2VkdXJlcy1lbXB0eS1jb3ZpZC12YWNjaW5lLXZpYWxzLw?oc=5&hl=en-US&gl=US&ceid=US:en,"{'href': 'https://www.cbsnews.com', 'title': 'CBS Chicago'}"
Ending the COVID-19 emergency and transitioning from emergency phase to longer-term disease management ... - World Health Organization (WHO),Ending the COVID-19 emergency and transitioning from emergency phase to longer-term disease management ...  World Health Organization (WHO),"Mon, 04 Sep 2023 07:00:00 GMT",https://news.google.com/rss/articles/CBMiQ2h0dHBzOi8vd3d3Lndoby5pbnQvcHVibGljYXRpb25zLWRldGFpbC1yZWRpcmVjdC9XSE8tV0hFLVNQUC0yMDIzLjLSAQA?oc=5&hl=en-US&gl=US&ceid=US:en,"{'href': 'https://www.who.int', 'title': 'World Health Organization (WHO)'}"
"Political affiliation impacted Ohio's COVID-19 deaths, study shows - Axios","Political affiliation impacted Ohio's COVID-19 deaths, study shows  Axios","Fri, 28 Jul 2023 07:00:00 GMT",https://news.google.com/rss/articles/CBMiYGh0dHBzOi8vd3d3LmF4aW9zLmNvbS9sb2NhbC9jb2x1bWJ1cy8yMDIzLzA3LzI4L29oaW8tY292aWQtZGVhdGhzLXZhY2NpbmVzLXJlcHVibGljYW5zLWRlbW9jcmF0c9IBAA?oc=5&hl=en-US&gl=US&ceid=US:en,"{'href': 'https://www.axios.com', 'title': 'Axios'}"
Doctoral Student's Research Finds COVID Worsened Nurse Burnout - Rutgers University,Doctoral Student's Research Finds COVID Worsened Nurse Burnout  Rutgers University,"Fri, 21 Jul 2023 07:00:00 GMT",https://news.google.com/rss/articles/CBMiWmh0dHBzOi8vd3d3LnJ1dGdlcnMuZWR1L25ld3MvZG9jdG9yYWwtc3R1ZGVudHMtcmVzZWFyY2gtZmluZHMtY292aWQtd29yc2VuZWQtbnVyc2UtYnVybm91dNIBAA?oc=5&hl=en-US&gl=US&ceid=US:en,"{'href': 'https://www.rutgers.edu', 'title': 'Rutgers University'}"
"Looking Ahead at COVID, Flu, and RSV Vaccines for Fall 2023 | Johns Hopkins | Bloomberg School of Public Health - Johns Hopkins Bloomberg School of Public Health","Looking Ahead at COVID, Flu, and RSV Vaccines for Fall 2023 | Johns Hopkins | Bloomberg School of Public Health  Johns Hopkins Bloomberg School of Public Health","Mon, 31 Jul 2023 07:00:00 GMT",https://news.google.com/rss/articles/CBMiW2h0dHBzOi8vcHVibGljaGVhbHRoLmpodS5lZHUvMjAyMy9sb29raW5nLWFoZWFkLWF0LWNvdmlkLWZsdS1hbmQtcnN2LXZhY2NpbmVzLWZvci1mYWxsLTIwMjPSAQA?oc=5&hl=en-US&gl=US&ceid=US:en,"{'href': 'https://publichealth.jhu.edu', 'title': 'Johns Hopkins Bloomberg School of Public Health'}"
Dental assistant fired for raising COVID concerns to get back pay - Business Insurance,Dental assistant fired for raising COVID concerns to get back pay  Business Insurance,"Fri, 11 Aug 2023 07:00:00 GMT",https://news.google.com/rss/articles/CBMihQFodHRwczovL3d3dy5idXNpbmVzc2luc3VyYW5jZS5jb20vYXJ0aWNsZS8yMDIzMDgxMS9ORVdTMDYvOTEyMzU5MTg1L0RlbnRhbC1hc3Npc3RhbnQtZmlyZWQtZm9yLXJhaXNpbmctQ09WSUQtY29uY2VybnMtdG8tZ2V0LWJhY2stcGF50gEA?oc=5&hl=en-US&gl=US&ceid=US:en,"{'href': 'https://www.businessinsurance.com', 'title': 'Business Insurance'}"
"Flu shot, COVID-19 booster available for UK students - UKNow","Flu shot, COVID-19 booster available for UK students  UKNow","Mon, 25 Sep 2023 07:00:00 GMT",https://news.google.com/rss/articles/CBMiUmh0dHBzOi8vdWtub3cudWt5LmVkdS9zdHVkZW50LW5ld3MvZmx1LXNob3QtY292aWQtMTktYm9vc3Rlci1hdmFpbGFibGUtdWstc3R1ZGVudHPSAQA?oc=5&hl=en-US&gl=US&ceid=US:en,"{'href': 'https://uknow.uky.edu', 'title': 'UKNow'}"
How to tell your network you caught Covid-19 - Vox.com,How to tell your network you caught Covid-19  Vox.com,"Thu, 10 Aug 2023 07:00:00 GMT",https://news.google.com/rss/articles/CBMiXGh0dHBzOi8vd3d3LnZveC5jb20vZXZlbi1iZXR0ZXIvMjMyODIxODYvdGVsbC1mcmllbmRzLWZhbWlseS1jb3dvcmtlcnMtY292aWQtY29udGFjdC10cmFjaW5n0gEA?oc=5&hl=en-US&gl=US&ceid=US:en,"{'href': 'https://www.vox.com', 'title': 'Vox.com'}"
How Fauci and NIH Leaders Worked to Discredit COVID-19 Lab Leak Theory - Heritage.org,How Fauci and NIH Leaders Worked to Discredit COVID-19 Lab Leak Theory  Heritage.org,"Tue, 18 Jul 2023 07:00:00 GMT",https://news.google.com/rss/articles/CBMidWh0dHBzOi8vd3d3Lmhlcml0YWdlLm9yZy9wdWJsaWMtaGVhbHRoL2NvbW1lbnRhcnkvaG93LWZhdWNpLWFuZC1uaWgtbGVhZGVycy13b3JrZWQtZGlzY3JlZGl0LWNvdmlkLTE5LWxhYi1sZWFrLXRoZW9yedIBAA?oc=5&hl=en-US&gl=US&ceid=US:en,"{'href': 'https://www.heritage.org', 'title': 'Heritage.org'}"
Justice Department Announces Results of Nationwide COVID-19 Fraud Enforcement Action - FDA.gov,Justice Department Announces Results of Nationwide COVID-19 Fraud Enforcement Action  FDA.gov,"Wed, 23 Aug 2023 07:00:00 GMT",https://news.google.com/rss/articles/CBMiswFodHRwczovL3d3dy5mZGEuZ292L2luc3BlY3Rpb25zLWNvbXBsaWFuY2UtZW5mb3JjZW1lbnQtYW5kLWNyaW1pbmFsLWludmVzdGlnYXRpb25zL3ByZXNzLXJlbGVhc2VzL2p1c3RpY2UtZGVwYXJ0bWVudC1hbm5vdW5jZXMtcmVzdWx0cy1uYXRpb253aWRlLWNvdmlkLTE5LWZyYXVkLWVuZm9yY2VtZW50LWFjdGlvbtIBAA?oc=5&hl=en-US&gl=US&ceid=US:en,"{'href': 'https://www.fda.gov', 'title': 'FDA.gov'}"
RFK Jr. suggests COVID-19 was ‘ethnically targeted’ to avoid Ashkenazi Jews - The Times of Israel,RFK Jr. suggests COVID-19 was ‘ethnically targeted’ to avoid Ashkenazi Jews  The Times of Israel,"Sat, 15 Jul 2023 07:00:00 GMT",https://news.google.com/rss/articles/CBMiZ2h0dHBzOi8vd3d3LnRpbWVzb2Zpc3JhZWwuY29tL3Jmay1qci1zdWdnZXN0cy1jb3ZpZC0xOS13YXMtZXRobmljYWxseS10YXJnZXRlZC10by1hdm9pZC1hc2hrZW5hemktamV3cy_SAWtodHRwczovL3d3dy50aW1lc29maXNyYWVsLmNvbS9yZmstanItc3VnZ2VzdHMtY292aWQtMTktd2FzLWV0aG5pY2FsbHktdGFyZ2V0ZWQtdG8tYXZvaWQtYXNoa2VuYXppLWpld3MvYW1wLw?oc=5&hl=en-US&gl=US&ceid=US:en,"{'href': 'https://www.timesofisrael.com', 'title': 'The Times of Israel'}"
Influence of COVID-19 on the notification of drug-resistant pulmonary tuberculosis cases - BMC Infectious Diseases - BMC Infectious Diseases,Influence of COVID-19 on the notification of drug-resistant pulmonary tuberculosis cases - BMC Infectious Diseases  BMC Infectious Diseases,"Fri, 28 Jul 2023 07:00:00 GMT",https://news.google.com/rss/articles/CBMiSmh0dHBzOi8vYm1jaW5mZWN0ZGlzLmJpb21lZGNlbnRyYWwuY29tL2FydGljbGVzLzEwLjExODYvczEyODc5LTAyMy0wODQ2My140gEA?oc=5&hl=en-US&gl=US&ceid=US:en,"{'href': 'https://bmcinfectdis.biomedcentral.com', 'title': 'BMC Infectious Diseases'}"
FDA grants clearance to Bioxytran's IND for Covid-19 trial initiation - Clinical Trials Arena,FDA grants clearance to Bioxytran's IND for Covid-19 trial initiation  Clinical Trials Arena,"Fri, 25 Aug 2023 07:00:00 GMT",https://news.google.com/rss/articles/CBMiQWh0dHBzOi8vd3d3LmNsaW5pY2FsdHJpYWxzYXJlbmEuY29tL25ld3MvZmRhLWJpb3h5dHJhbnMtY292aWQtMTkv0gEA?oc=5&hl=en-US&gl=US&ceid=US:en,"{'href': 'https://www.clinicaltrialsarena.com', 'title': 'Clinical Trials Arena'}"
Myths and Facts about COVID-19 Vaccines | CDC - CDC,Myths and Facts about COVID-19 Vaccines | CDC  CDC,"Wed, 27 Sep 2023 07:00:00 GMT",https://news.google.com/rss/articles/CBMiPWh0dHBzOi8vd3d3LmNkYy5nb3YvY29yb25hdmlydXMvMjAxOS1uY292L3ZhY2NpbmVzL2ZhY3RzLmh0bWzSAQA?oc=5&hl=en-US&gl=US&ceid=US:en,"{'href': 'https://www.cdc.gov', 'title': 'CDC'}"
Will Swabbing Your Nose and Throat Give You a More Accurate Result COVID Test Result? - Verywell Health,Will Swabbing Your Nose and Throat Give You a More Accurate Result COVID Test Result?  Verywell Health,"Fri, 29 Sep 2023 07:00:00 GMT",https://news.google.com/rss/articles/CBMiXmh0dHBzOi8vd3d3LnZlcnl3ZWxsaGVhbHRoLmNvbS9kb2VzLXN3YWJiaW5nLXRoZS1ub3NlLWFuZC10aHJvYXQtaW1wcm92ZS1jb3ZpZC1yZXN1bHRzLTc5NzU1NTjSAQA?oc=5&hl=en-US&gl=US&ceid=US:en,"{'href': 'https://www.verywellhealth.com', 'title': 'Verywell Health'}"
Comparing machine learning algorithms to predict COVID‑19 mortality using a dataset including chest computed ... - Nature.com,Comparing machine learning algorithms to predict COVID‑19 mortality using a dataset including chest computed ...  Nature.com,"Thu, 13 Jul 2023 07:00:00 GMT",https://news.google.com/rss/articles/CBMiMmh0dHBzOi8vd3d3Lm5hdHVyZS5jb20vYXJ0aWNsZXMvczQxNTk4LTAyMy0zODEzMy020gEA?oc=5&hl=en-US&gl=US&ceid=US:en,"{'href': 'https://www.nature.com', 'title': 'Nature.com'}"
The COVID-19 pandemic and its impact on health experiences of asylum seekers to the United States - BMC Public ... - BMC Public Health,The COVID-19 pandemic and its impact on health experiences of asylum seekers to the United States - BMC Public ...  BMC Public Health,"Tue, 18 Jul 2023 07:00:00 GMT",https://news.google.com/rss/articles/CBMiTWh0dHBzOi8vYm1jcHVibGljaGVhbHRoLmJpb21lZGNlbnRyYWwuY29tL2FydGljbGVzLzEwLjExODYvczEyODg5LTAyMy0xNjMxMy0z0gEA?oc=5&hl=en-US&gl=US&ceid=US:en,"{'href': 'https://bmcpublichealth.biomedcentral.com', 'title': 'BMC Public Health'}"
Did Americans Actually Drink Bleach During the COVID-19 Pandemic? - U.S. News & World Report,Did Americans Actually Drink Bleach During the COVID-19 Pandemic?  U.S. News & World Report,"Thu, 13 Jul 2023 07:00:00 GMT",https://news.google.com/rss/articles/CBMifGh0dHBzOi8vd3d3LnVzbmV3cy5jb20vbmV3cy9oZWFsdGgtbmV3cy9hcnRpY2xlcy8yMDIzLTA3LTEzL2RpZC1hbWVyaWNhbnMtYWN0dWFsbHktZHJpbmstYmxlYWNoLWR1cmluZy10aGUtY292aWQtMTktcGFuZGVtaWPSAQA?oc=5&hl=en-US&gl=US&ceid=US:en,"{'href': 'https://www.usnews.com', 'title': 'U.S. News & World Report'}"
CDC recommends new covid booster shots for anyone 6 months and older - The Washington Post,CDC recommends new covid booster shots for anyone 6 months and older  The Washington Post,"Tue, 12 Sep 2023 07:00:00 GMT",https://news.google.com/rss/articles/CBMiTmh0dHBzOi8vd3d3Lndhc2hpbmd0b25wb3N0LmNvbS9oZWFsdGgvMjAyMy8wOS8xMi9jb3ZpZC1ib29zdGVyLXNob3RzLTIwMjMtY2RjL9IBAA?oc=5&hl=en-US&gl=US&ceid=US:en,"{'href': 'https://www.washingtonpost.com', 'title': 'The Washington Post'}"
Broadly neutralizing antibodies derived from the earliest COVID-19 convalescents protect mice from SARS-CoV-2 ... - Nature.com,Broadly neutralizing antibodies derived from the earliest COVID-19 convalescents protect mice from SARS-CoV-2 ...  Nature.com,"Thu, 14 Sep 2023 07:00:00 GMT",https://news.google.com/rss/articles/CBMiMmh0dHBzOi8vd3d3Lm5hdHVyZS5jb20vYXJ0aWNsZXMvczQxMzkyLTAyMy0wMTYxNS0w0gEA?oc=5&hl=en-US&gl=US&ceid=US:en,"{'href': 'https://www.nature.com', 'title': 'Nature.com'}"
Long Covid isolates sick people and their loved ones • Source New Mexico - Source New Mexico,Long Covid isolates sick people and their loved ones • Source New Mexico  Source New Mexico,"Tue, 19 Sep 2023 07:00:00 GMT",https://news.google.com/rss/articles/CBMiVWh0dHBzOi8vc291cmNlbm0uY29tLzIwMjMvMDkvMTkvbG9uZy1jb3ZpZC1pc29sYXRlcy1zaWNrLXBlb3BsZS1hbmQtdGhlaXItbG92ZWQtb25lcy_SAQA?oc=5&hl=en-US&gl=US&ceid=US:en,"{'href': 'https://sourcenm.com', 'title': 'Source New Mexico'}"
National Autism Indicators Report Calls for Health Care Policy Improvements for Future Public Health Emergencies - Drexel,National Autism Indicators Report Calls for Health Care Policy Improvements for Future Public Health Emergencies  Drexel,"Mon, 31 Jul 2023 07:00:00 GMT",https://news.google.com/rss/articles/CBMifWh0dHBzOi8vZHJleGVsLmVkdS9uZXdzL2FyY2hpdmUvMjAyMy9KdWx5L05BSVItQ2FsbHMtZm9yLUhlYWx0aC1DYXJlLVBvbGljeS1JbXByb3ZlbWVudHMtZm9yLUZ1dHVyZS1QdWJsaWMtSGVhbHRoLUVtZXJnZW5jaWVz0gEA?oc=5&hl=en-US&gl=US&ceid=US:en,"{'href': 'https://drexel.edu', 'title': 'Drexel'}"
Socioeconomic inequities of COVID-19 mortality in vulnerable Comunas of the City of Buenos Aires | Scientific Reports - Nature.com,Socioeconomic inequities of COVID-19 mortality in vulnerable Comunas of the City of Buenos Aires | Scientific Reports  Nature.com,"Tue, 22 Aug 2023 07:00:00 GMT",https://news.google.com/rss/articles/CBMiMmh0dHBzOi8vd3d3Lm5hdHVyZS5jb20vYXJ0aWNsZXMvczQxNTk4LTAyMy00MDkxMS0x0gEA?oc=5&hl=en-US&gl=US&ceid=US:en,"{'href': 'https://www.nature.com', 'title': 'Nature.com'}"
Mayor Scott Announces $2 Million “Direct Care Worker Relief” Grant Alongside 1199SEIU - Mayor Brandon M. Scott,Mayor Scott Announces $2 Million “Direct Care Worker Relief” Grant Alongside 1199SEIU  Mayor Brandon M. Scott,"Wed, 27 Sep 2023 07:00:00 GMT",https://news.google.com/rss/articles/CBMiXmh0dHBzOi8vbWF5b3IuYmFsdGltb3JlY2l0eS5nb3YvbmV3cy9wcmVzcy1yZWxlYXNlcy8yMDIzLTA5LTE5LW1heW9yLXNjb3R0LWFubm91bmNlcy0yLW1pbGxpb27SAQA?oc=5&hl=en-US&gl=US&ceid=US:en,"{'href': 'https://mayor.baltimorecity.gov', 'title': 'Mayor Brandon M. Scott'}"
Is There a Covid Surge This Summer? What Experts Say About Staying Safe - The New York Times,Is There a Covid Surge This Summer? What Experts Say About Staying Safe  The New York Times,"Tue, 15 Aug 2023 07:00:00 GMT",https://news.google.com/rss/articles/CBMiRGh0dHBzOi8vd3d3Lm55dGltZXMuY29tLzIwMjMvMDgvMDgvd2VsbC9saXZlL2NvdmlkLXN1bW1lci1zdXJnZS5odG1s0gEA?oc=5&hl=en-US&gl=US&ceid=US:en,"{'href': 'https://www.nytimes.com', 'title': 'The New York Times'}"
COVID Is on the Rise Again—What You Need to Know - Boston University,COVID Is on the Rise Again—What You Need to Know  Boston University,"Tue, 29 Aug 2023 07:00:00 GMT",https://news.google.com/rss/articles/CBMiUmh0dHBzOi8vd3d3LmJ1LmVkdS9hcnRpY2xlcy8yMDIzL2NvdmlkLWlzLW9uLXRoZS1yaXNlLWFnYWluLXdoYXQteW91LW5lZWQtdG8ta25vdy_SAQA?oc=5&hl=en-US&gl=US&ceid=US:en,"{'href': 'https://www.bu.edu', 'title': 'Boston University'}"
"Covid Infections Rise as OSHA Health-Care Inspections, Rule Lag - Bloomberg Law","Covid Infections Rise as OSHA Health-Care Inspections, Rule Lag  Bloomberg Law","Wed, 20 Sep 2023 07:00:00 GMT",https://news.google.com/rss/articles/CBMiY2h0dHBzOi8vbmV3cy5ibG9vbWJlcmdsYXcuY29tL3NhZmV0eS9jb3ZpZC1pbmZlY3Rpb25zLXJpc2UtYXMtb3NoYS1oZWFsdGgtY2FyZS1pbnNwZWN0aW9ucy1ydWxlLWxhZ9IBAA?oc=5&hl=en-US&gl=US&ceid=US:en,"{'href': 'https://news.bloomberglaw.com', 'title': 'Bloomberg Law'}"
From Asymptomatic COVID to Long COVID: Genetic Underpinnings - Medscape,From Asymptomatic COVID to Long COVID: Genetic Underpinnings  Medscape,"Wed, 19 Jul 2023 07:00:00 GMT",https://news.google.com/rss/articles/CBMiK2h0dHBzOi8vd3d3Lm1lZHNjYXBlLmNvbS92aWV3YXJ0aWNsZS85OTQ1NzXSAQA?oc=5&hl=en-US&gl=US&ceid=US:en,"{'href': 'https://www.medscape.com', 'title': 'Medscape'}"
UConn Researchers Awarded $1 Million to Research COVID-19's Impact on Children's Health - UConn Today - University of Connecticut,UConn Researchers Awarded $1 Million to Research COVID-19's Impact on Children's Health - UConn Today  University of Connecticut,"Fri, 18 Aug 2023 07:00:00 GMT",https://news.google.com/rss/articles/CBMidWh0dHBzOi8vdG9kYXkudWNvbm4uZWR1LzIwMjMvMDgvdWNvbm4tcmVzZWFyY2hlcnMtYXdhcmRlZC0xLW1pbGxpb24tdG8tcmVzZWFyY2gtY292aWQtMTlzLWltcGFjdC1vbi1jaGlsZHJlbnMtaGVhbHRoL9IBAA?oc=5&hl=en-US&gl=US&ceid=US:en,"{'href': 'https://today.uconn.edu', 'title': 'University of Connecticut'}"
CDC director overhauls leadership of center that oversaw response to Covid-19 - STAT,CDC director overhauls leadership of center that oversaw response to Covid-19  STAT,"Wed, 09 Aug 2023 07:00:00 GMT",https://news.google.com/rss/articles/CBMiW2h0dHBzOi8vd3d3LnN0YXRuZXdzLmNvbS8yMDIzLzA4LzA5L2NkYy1kaXJlY3Rvci1vdmVyaGF1bC1jZW50ZXItb3ZlcnNhdy1jb3ZpZC0xOS1yZXNwb25zZS_SAQA?oc=5&hl=en-US&gl=US&ceid=US:en,"{'href': 'https://www.statnews.com', 'title': 'STAT'}"
Generation of multi-scrolls in corona virus disease 2019 (COVID-19) chaotic system and its impact on the zero-covid ... - Nature.com,Generation of multi-scrolls in corona virus disease 2019 (COVID-19) chaotic system and its impact on the zero-covid ...  Nature.com,"Fri, 25 Aug 2023 07:00:00 GMT",https://news.google.com/rss/articles/CBMiMmh0dHBzOi8vd3d3Lm5hdHVyZS5jb20vYXJ0aWNsZXMvczQxNTk4LTAyMy00MDY1MS0y0gEA?oc=5&hl=en-US&gl=US&ceid=US:en,"{'href': 'https://www.nature.com', 'title': 'Nature.com'}"
"Julia Moore Vogel, PhD, MBA: Long Covid Care Lacks Urgency - MD Magazine","Julia Moore Vogel, PhD, MBA: Long Covid Care Lacks Urgency  MD Magazine","Wed, 19 Jul 2023 07:00:00 GMT",https://news.google.com/rss/articles/CBMiS2h0dHBzOi8vd3d3LmhjcGxpdmUuY29tL3ZpZXcvanVsaWEtbW9vcmUtdm9nZS1sb25nLWNvdmlkLWNhcmUtbGFja3MtdXJnZW5jedIBAA?oc=5&hl=en-US&gl=US&ceid=US:en,"{'href': 'https://www.hcplive.com', 'title': 'MD Magazine'}"
"Should Long COVID Patients Get Flu, RSV and New COVID Shots? - Medscape","Should Long COVID Patients Get Flu, RSV and New COVID Shots?  Medscape","Mon, 11 Sep 2023 07:00:00 GMT",https://news.google.com/rss/articles/CBMiK2h0dHBzOi8vd3d3Lm1lZHNjYXBlLmNvbS92aWV3YXJ0aWNsZS85OTYyODbSAQA?oc=5&hl=en-US&gl=US&ceid=US:en,"{'href': 'https://www.medscape.com', 'title': 'Medscape'}"
New COVID boosters arrive during increase in hospitalizations - Medical University of South Carolina,New COVID boosters arrive during increase in hospitalizations  Medical University of South Carolina,"Thu, 14 Sep 2023 07:00:00 GMT",https://news.google.com/rss/articles/CBMib2h0dHBzOi8vd2ViLm11c2MuZWR1L2Fib3V0L25ld3MtY2VudGVyLzIwMjMvMDkvMTQvbmV3LWNvdmlkLWJvb3N0ZXJzLWFycml2ZS1kdXJpbmctaW5jcmVhc2UtaW4taG9zcGl0YWxpemF0aW9uc9IBAA?oc=5&hl=en-US&gl=US&ceid=US:en,"{'href': 'https://web.musc.edu', 'title': 'Medical University of South Carolina'}"
"COVID-19, RSV & Flu: Staying Safe This Respiratory Illness Season - Cone Health","COVID-19, RSV & Flu: Staying Safe This Respiratory Illness Season  Cone Health","Mon, 11 Sep 2023 07:00:00 GMT",https://news.google.com/rss/articles/CBMidmh0dHBzOi8vd3d3LmNvbmVoZWFsdGguY29tL3NlcnZpY2VzL2luZmVjdGlvdXMtZGlzZWFzZS9jb3ZpZC0xOS1yc3YtLWZsdS1zdGF5aW5nLXNhZmUtdGhpcy1yZXNwaXJhdG9yeS1pbGxuZXNzLXNlYXNvbi_SAQA?oc=5&hl=en-US&gl=US&ceid=US:en,"{'href': 'https://www.conehealth.com', 'title': 'Cone Health'}"
Get Your Updated COVID-19 Vaccine With TRICARE - TRICARE Newsroom,Get Your Updated COVID-19 Vaccine With TRICARE  TRICARE Newsroom,"Thu, 21 Sep 2023 07:00:00 GMT",https://news.google.com/rss/articles/CBMibWh0dHBzOi8vbmV3c3Jvb20udHJpY2FyZS5taWwvTmV3cy9UUklDQVJFLU5ld3MvQXJ0aWNsZS8zNTMyNzUxL2dldC15b3VyLXVwZGF0ZWQtY292aWQtMTktdmFjY2luZS13aXRoLXRyaWNhcmXSAQA?oc=5&hl=en-US&gl=US&ceid=US:en,"{'href': 'https://newsroom.tricare.mil', 'title': 'TRICARE Newsroom'}"
"Studying How to Treat, Identify Long COVID: CU Anschutz Takes the Lead - University of Colorado Anschutz Medical Campus","Studying How to Treat, Identify Long COVID: CU Anschutz Takes the Lead  University of Colorado Anschutz Medical Campus","Mon, 10 Jul 2023 07:00:00 GMT",https://news.google.com/rss/articles/CBMibWh0dHBzOi8vbmV3cy5jdWFuc2NodXR6LmVkdS9uZXdzLXN0b3JpZXMvc3R1ZHlpbmctaG93LXRvLXRyZWF0LWlkZW50aWZ5LWxvbmctY292aWQtY3UtYW5zY2h1dHotdGFrZXMtdGhlLWxlYWTSAXlodHRwczovL25ld3MuY3VhbnNjaHV0ei5lZHUvbmV3cy1zdG9yaWVzL3N0dWR5aW5nLWhvdy10by10cmVhdC1pZGVudGlmeS1sb25nLWNvdmlkLWN1LWFuc2NodXR6LXRha2VzLXRoZS1sZWFkP2hzX2FtcD10cnVl?oc=5&hl=en-US&gl=US&ceid=US:en,"{'href': 'https://news.cuanschutz.edu', 'title': 'University of Colorado Anschutz Medical Campus'}"
Florida leprosy cases highlighted in recent report aren't linked to COVID-19 vaccines - The Associated Press,Florida leprosy cases highlighted in recent report aren't linked to COVID-19 vaccines  The Associated Press,"Fri, 11 Aug 2023 07:00:00 GMT",https://news.google.com/rss/articles/CBMiW2h0dHBzOi8vYXBuZXdzLmNvbS9hcnRpY2xlL2ZhY3QtY2hlY2stZmxvcmlkYS1sZXByb3N5LWNhc2VzLWNkYy1jb3ZpZC12YWNjaW5lcy0zNTIwMzI3NTYxMDDSAQA?oc=5&hl=en-US&gl=US&ceid=US:en,"{'href': 'https://apnews.com', 'title': 'The Associated Press'}"
"Falling food prices, yet much higher than pre-covid - World Bank","Falling food prices, yet much higher than pre-covid  World Bank","Wed, 16 Aug 2023 07:00:00 GMT",https://news.google.com/rss/articles/CBMiVWh0dHBzOi8vYmxvZ3Mud29ybGRiYW5rLm9yZy9lbi9vcGVuZGF0YS9mYWxsaW5nLWZvb2QtcHJpY2VzLXlldC1tdWNoLWhpZ2hlci1wcmUtY292aWTSAQA?oc=5&hl=en-US&gl=US&ceid=US:en,"{'href': 'https://blogs.worldbank.org', 'title': 'World Bank'}"
"Multiple Trials of Long COVID Treatments Advancing, NIH Says - Medscape","Multiple Trials of Long COVID Treatments Advancing, NIH Says  Medscape","Mon, 31 Jul 2023 07:00:00 GMT",https://news.google.com/rss/articles/CBMiK2h0dHBzOi8vd3d3Lm1lZHNjYXBlLmNvbS92aWV3YXJ0aWNsZS85OTQ5ODXSAQA?oc=5&hl=en-US&gl=US&ceid=US:en,"{'href': 'https://www.medscape.com', 'title': 'Medscape'}"
The case of Cayla J: Judge to decide if California failed low-income students during Covid - EdSource,The case of Cayla J: Judge to decide if California failed low-income students during Covid  EdSource,"Tue, 22 Aug 2023 07:00:00 GMT",https://news.google.com/rss/articles/CBMiemh0dHBzOi8vZWRzb3VyY2Uub3JnLzIwMjMvdGhlLWNhc2Utb2YtY2F5bGEtai1qdWRnZS10by1kZWNpZGUtaWYtY2FsaWZvcm5pYS1mYWlsZWQtbG93LWluY29tZS1zdHVkZW50cy1kdXJpbmctY292aWQvNjk2MjM10gGAAWh0dHBzOi8vZWRzb3VyY2Uub3JnLzIwMjMvdGhlLWNhc2Utb2YtY2F5bGEtai1qdWRnZS10by1kZWNpZGUtaWYtY2FsaWZvcm5pYS1mYWlsZWQtbG93LWluY29tZS1zdHVkZW50cy1kdXJpbmctY292aWQvNjk2MjM1P2FtcD0x?oc=5&hl=en-US&gl=US&ceid=US:en,"{'href': 'https://edsource.org', 'title': 'EdSource'}"
COVID-era food security program revived for flood impacted Vermonters - Vermont Public,COVID-era food security program revived for flood impacted Vermonters  Vermont Public,"Thu, 10 Aug 2023 07:00:00 GMT",https://news.google.com/rss/articles/CBMieWh0dHBzOi8vd3d3LnZlcm1vbnRwdWJsaWMub3JnL2xvY2FsLW5ld3MvMjAyMy0wOC0xMC9jb3ZpZC1lcmEtZm9vZC1zZWN1cml0eS1wcm9ncmFtLXJldml2ZWQtZm9yLWZsb29kLWltcGFjdGVkLXZlcm1vbnRlcnPSAQA?oc=5&hl=en-US&gl=US&ceid=US:en,"{'href': 'https://www.vermontpublic.org', 'title': 'Vermont Public'}"
"After three years of cautioning Minnesotans about COVID, epidemiologist Michael Osterholm got long COVID - Star Tribune","After three years of cautioning Minnesotans about COVID, epidemiologist Michael Osterholm got long COVID  Star Tribune","Thu, 27 Jul 2023 07:00:00 GMT",https://news.google.com/rss/articles/CBMiXGh0dHBzOi8vd3d3LnN0YXJ0cmlidW5lLmNvbS9taWNoYWVsLW9zdGVyaG9sbS1sb25nLWNvdmlkLXBhbmRlbWljLWJvb3N0ZXItcG9kY2FzdC82MDAyOTI3NzUv0gEA?oc=5&hl=en-US&gl=US&ceid=US:en,"{'href': 'https://www.startribune.com', 'title': 'Star Tribune'}"
How Bad Is Getting Covid Multiple Times? What to Know About Reinfection - The New York Times,How Bad Is Getting Covid Multiple Times? What to Know About Reinfection  The New York Times,"Thu, 17 Aug 2023 07:00:00 GMT",https://news.google.com/rss/articles/CBMiQ2h0dHBzOi8vd3d3Lm55dGltZXMuY29tLzIwMjMvMDgvMTcvd2VsbC9saXZlL2NvdmlkLXJlaW5mZWN0aW9uLmh0bWzSAQA?oc=5&hl=en-US&gl=US&ceid=US:en,"{'href': 'https://www.nytimes.com', 'title': 'The New York Times'}"
"Dolphins need more time to adjust back to noisy ocean after COVID-19 shutdowns, according to study by SFA ... - Stephen F. Austin State University","Dolphins need more time to adjust back to noisy ocean after COVID-19 shutdowns, according to study by SFA ...  Stephen F. Austin State University","Thu, 13 Jul 2023 07:00:00 GMT",https://news.google.com/rss/articles/CBMidmh0dHBzOi8vd3d3LnNmYXN1LmVkdS9hYm91dC1zZmEvbmV3c3Jvb20vMjAyMy9kb2xwaGlucy1uZWVkLW1vcmUtdGltZS1hZGp1c3QtYmFjay1ub2lzeS1vY2Vhbi1hZnRlci1jb3ZpZC0xOS1zaHV0ZG93bnPSAQA?oc=5&hl=en-US&gl=US&ceid=US:en,"{'href': 'https://www.sfasu.edu', 'title': 'Stephen F. Austin State University'}"
New COVID-19 variant emerges with 100s of newly-reported cases in Shelby County alone - Action News 5,New COVID-19 variant emerges with 100s of newly-reported cases in Shelby County alone  Action News 5,"Thu, 10 Aug 2023 07:00:00 GMT",https://news.google.com/rss/articles/CBMid2h0dHBzOi8vd3d3LmFjdGlvbm5ld3M1LmNvbS8yMDIzLzA4LzEwL25ldy1jb3ZpZC0xOS12YXJpYW50LWVtZXJnZXMtd2l0aC0xMDBzLW5ld2x5LXJlcG9ydGVkLWNhc2VzLXNoZWxieS1jb3VudHktYWxvbmUv0gEA?oc=5&hl=en-US&gl=US&ceid=US:en,"{'href': 'https://www.actionnews5.com', 'title': 'Action News 5'}"
Car enthusiasm during the second and fourth waves of COVID-19 pandemic | Humanities and Social Sciences ... - Nature.com,Car enthusiasm during the second and fourth waves of COVID-19 pandemic | Humanities and Social Sciences ...  Nature.com,"Tue, 19 Sep 2023 07:00:00 GMT",https://news.google.com/rss/articles/CBMiMmh0dHBzOi8vd3d3Lm5hdHVyZS5jb20vYXJ0aWNsZXMvczQxNTk5LTAyMy0wMjA5MS0x0gEA?oc=5&hl=en-US&gl=US&ceid=US:en,"{'href': 'https://www.nature.com', 'title': 'Nature.com'}"
