tokens,ner_tags
"['Researchers', 'looked', 'at', '95', 'studies', 'from', 'January', '2020', 'to', 'February', '2021', 'consisting', 'of', 'nearly', '30', 'million', 'people', 'in', 'Asia', ',', 'Europe', ',', 'North', 'America', ',', 'South', 'America', 'and', 'Africa', '.']","['O', 'O', 'O', 'O', 'O', 'O', 'O', 'O', 'O', 'O', 'O', 'O', 'O', 'O', 'O', 'O', 'O', 'O', 'B-LOC', 'O', 'B-LOC', 'O', 'B-LOC', 'I-LOC', 'O', 'B-LOC', 'I-LOC', 'O', 'B-LOC', 'O']"
"['Omicron', 'study', ':', 'South', 'Africa', 'finds', 'variant', ""'"", 'highly', 'transmissible', ""'"", 'and', 'more', 'resistant', 'to', 'COVID-19', 'vaccines']","['O', 'O', 'B-LOC', 'I-LOC', 'I-LOC', 'O', 'O', 'O', 'O', 'O', 'O', 'O', 'O', 'O', 'O', 'O', 'O']"
"['The', 'Kentucky', 'Department', 'for', 'Public', 'Health', 'and', 'a', 'local', 'health', 'department', 'investigated', 'two', 'outbreaks', 'at', 'a', 'nursing', 'facility', ',', 'one', 'in', 'July', '2020', 'and', 'the', 'second', 'in', 'October', '2020', '.']","['O', 'O', 'O', 'O', 'O', 'O', 'O', 'O', 'O', 'O', 'O', 'O', 'O', 'O', 'O', 'O', 'O', 'O', 'O', 'O', 'O', 'B-TIM', 'I-TIM', 'O', 'O', 'O', 'O', 'B-TIM', 'I-TIM', 'O']"
"['Researchers', 'found', 'five', 'residents', '–', 'three', 'asymptomatic', 'and', 'two', 'with', 'mild', 'symptoms', 'during', 'the', 'first', 'outbreak', '–', 'were', 'more', 'sick', 'during', 'the', 'second', 'outbreak', ',', 'according', 'to', 'the', 'study', 'published', 'in', 'February', '2021', 'by', 'the', 'Centers', 'for', 'Disease', 'Control', 'and', 'Prevention', '.']","['O', 'O', 'O', 'O', 'O', 'O', 'O', 'O', 'O', 'O', 'O', 'O', 'O', 'O', 'O', 'O', 'O', 'O', 'O', 'O', 'O', 'O', 'O', 'O', 'O', 'O', 'O', 'O', 'O', 'O', 'O', 'B-TIM', 'I-TIM', 'O', 'O', 'O', 'O', 'O', 'O', 'O', 'O', 'O']"
"[""'"", 'Covid', 'toes', ""'"", 'that', 'turn', 'purple', 'from', 'the', 'disease', 'can', 'last', 'for', 'at', 'least', 'five', 'months', 'after', 'survivors', 'beat', 'the', 'infection', ',', 'scientists', 'have', 'found', '.']","['B-SYM', 'I-SYM', 'I-SYM', 'O', 'O', 'O', 'O', 'O', 'O', 'O', 'O', 'O', 'O', 'O', 'O', 'O', 'O', 'O', 'O', 'O', 'O', 'O', 'O', 'O', 'O', 'O', 'O']"
"['Inflammation', 'of', 'the', 'toes', 'caused', 'by', 'Covid-19', 'can', 'lead', 'to', 'red', 'or', 'purple', 'skin', ',', 'swelling', 'and', 'chilblain', '-', 'like', 'blisters', '.']","['B-SYM', 'I-SYM', 'I-SYM', 'I-SYM', 'O', 'O', 'O', 'O', 'O', 'O', 'B-SYM', 'I-SYM', 'I-SYM', 'I-SYM', 'O', 'B-SYM', 'O', 'B-SYM', 'I-SYM', 'I-SYM', 'I-SYM', 'O']"
"['But', 'in', 'some', 'people', ',', 'the', 'skin', 'problem', 'has', 'become', 'a', 'manifestation', 'of', ""'"", 'Long', 'Covid', ""'"", ',', 'lasting', 'for', 'months', 'after', 'patients', 'have', 'fought', 'the', 'virus', 'off', '.']","['O', 'O', 'O', 'O', 'O', 'O', 'B-SYM', 'I-SYM', 'O', 'O', 'O', 'O', 'O', 'O', 'O', 'O', 'O', 'O', 'O', 'O', 'O', 'O', 'O', 'O', 'O', 'O', 'O', 'O', 'O']"
"['Previous', 'research', 'estimates', 'that', 'around', 'one', 'in', '12', 'people', 'with', 'coronavirus', 'develop', 'some', 'kind', 'of', 'skin', 'complaint', ',', 'and', 'experts', 'have', 'repeatedly', 'called', 'for', 'health', 'chiefs', 'to', 'recognise', 'it', 'as', 'an', 'official', 'symptom', '.']","['O', 'O', 'O', 'O', 'O', 'O', 'O', 'O', 'O', 'O', 'O', 'O', 'O', 'O', 'O', 'B-SYM', 'I-SYM', 'O', 'O', 'O', 'O', 'O', 'O', 'O', 'O', 'O', 'O', 'O', 'O', 'O', 'O', 'O', 'O', 'O']"
"[""'"", 'Covid', 'toes', ""'"", 'that', 'turn', 'purple', 'from', 'the', 'disease', 'can', 'least', 'for', 'five', 'months', 'after', 'infection', ',', 'scientists', 'have', 'found']","['B-SYM', 'I-SYM', 'I-SYM', 'O', 'O', 'O', 'O', 'O', 'O', 'O', 'O', 'O', 'O', 'O', 'O', 'O', 'O', 'O', 'O', 'O', 'O']"
"['Inflammation', 'of', 'the', 'toes', 'caused', 'by', 'Covid-19', 'can', 'lead', 'to', 'red', 'or', 'purple', 'skin', ',', 'swelling', 'and', 'chilblain', '-', 'like', 'blisters']","['B-SYM', 'O', 'O', 'O', 'O', 'O', 'O', 'O', 'O', 'O', 'B-SYM', 'I-SYM', 'I-SYM', 'I-SYM', 'O', 'B-SYM', 'O', 'B-SYM', 'I-SYM', 'I-SYM', 'I-SYM']"
"['Scientists', 'established', 'an', 'international', 'registry', 'for', 'Covid-19', 'skin', 'manifestations', 'in', 'April', '2020', ',', 'in', 'collaboration', 'with', 'the', 'International', 'League', 'of', 'Dermatological', 'Societies', 'and', 'the', 'American', 'Academy', 'of', 'Dermatology', '.']","['O', 'O', 'O', 'O', 'O', 'O', 'O', 'O', 'O', 'O', 'B-TIM', 'I-TIM', 'O', 'O', 'O', 'O', 'O', 'O', 'O', 'O', 'O', 'O', 'O', 'O', 'O', 'O', 'O', 'O', 'O']"
"['Doctors', 'who', 'entered', 'patients', 'into', 'the', 'register', 'in', 'April', 'were', 'contacted', 'in', 'June', 'and', 'August', 'to', 'update', 'the', 'duration', 'of', 'patients', ""'"", 'Covid-19', 'skin', 'symptoms', '.']","['O', 'O', 'O', 'O', 'O', 'O', 'O', 'O', 'B-TIM', 'O', 'O', 'O', 'B-TIM', 'O', 'B-TIM', 'O', 'O', 'O', 'O', 'O', 'O', 'O', 'O', 'O', 'O', 'O']"
"['Almost', '1,000', 'cases', 'of', 'patients', 'with', 'skin', 'manifestations', 'of', 'Covid-19', 'in', '39', 'countries', 'were', 'recorded', '.']","['O', 'O', 'O', 'O', 'O', 'O', 'B-SYM', 'I-SYM', 'O', 'O', 'O', 'O', 'O', 'O', 'O', 'O']"
"['About', 'half', 'of', 'the', 'patients', 'in', 'the', 'registry', 'were', 'reported', 'to', 'have', 'Covid', 'toes', 'and', 'about', '16', 'per', 'cent', 'of', 'those', 'had', 'to', 'be', 'hospitalised', 'from', 'the', 'disease', ',', 'figures', 'showed', '.']","['O', 'O', 'O', 'O', 'O', 'O', 'O', 'O', 'O', 'O', 'O', 'O', 'B-SYM', 'I-SYM', 'O', 'O', 'O', 'O', 'O', 'O', 'O', 'O', 'O', 'O', 'O', 'O', 'O', 'O', 'O', 'O', 'O', 'O']"
"[""'"", 'Covid', 'toes', ""'"", 'is', 'just', 'one', 'of', 'many', 'skin', 'manifestations', 'reported', 'in', 'patients', '.']","['B-SYM', 'I-SYM', 'I-SYM', 'O', 'O', 'O', 'O', 'O', 'O', 'O', 'O', 'O', 'O', 'O', 'O']"
"['Dr', 'Esther', 'Freeman', ',', 'principal', 'investigator', 'of', 'the', 'International', 'Covid-19', 'Dermatology', 'Registry', ',', 'said', ':', ""'"", 'The', 'skin', 'can', 'be', 'viewed', 'as', 'a', 'window', 'into', 'the', 'rest', 'of', 'the', 'body', 'because', 'it', 'is', 'inflammation', 'which', 'you', 'can', 'see', '-', 'and', 'can', 'be', 'indicative', 'of', 'inflammation', 'elsewhere', '.', ""'""]","['O', 'O', 'O', 'O', 'O', 'O', 'O', 'O', 'O', 'O', 'O', 'O', 'O', 'O', 'O', 'O', 'O', 'O', 'O', 'O', 'O', 'O', 'O', 'O', 'O', 'O', 'O', 'O', 'O', 'O', 'O', 'O', 'O', 'B-SYM', 'O', 'O', 'O', 'O', 'O', 'O', 'O', 'O', 'O', 'O', 'B-SYM', 'O', 'O', 'O']"
"[""'"", 'The', 'main', 'reason', 'is', 'a', 'hypersensitive', 'immune', 'reaction', ',', ""'"", 'he', 'told', 'MailOnline', 'in', 'April', '.']","['O', 'O', 'O', 'O', 'O', 'O', 'O', 'O', 'O', 'O', 'O', 'O', 'O', 'O', 'O', 'B-TIM', 'O']"
"['Researchers', 'at', 'King', ""'s"", 'College', 'London', 'called', 'for', 'skin', 'rashes', 'to', 'be', 'considered', 'as', 'the', 'fourth', 'key', 'symptom', 'of', 'Covid-19', 'in', 'July', ',', 'after', 'a', 'cough', ',', 'fever', 'and', 'loss', 'of', 'taste', 'and', 'smell', '.']","['O', 'O', 'O', 'O', 'O', 'O', 'O', 'B-SYM', 'I-SYM', 'I-SYM', 'O', 'O', 'O', 'O', 'O', 'O', 'O', 'O', 'O', 'O', 'O', 'B-TIM', 'O', 'O', 'O', 'B-SYM', 'O', 'B-SYM', 'O', 'B-SYM', 'I-SYM', 'I-SYM', 'I-SYM', 'I-SYM', 'O']"
"['Using', 'data', 'from', 'the', 'COVID', 'Symptom', 'Study', 'app', 'from', 'around', '336,000', 'regular', 'UK', 'users', ',', 'researchers', 'discovered', 'that', '8.8', 'per', 'cent', 'of', 'people', 'reporting', 'a', 'positive', 'coronavirus', 'swab', 'test', 'had', 'experienced', 'a', 'skin', 'rash', 'as', 'part', 'of', 'their', 'symptoms', '.']","['O', 'O', 'O', 'O', 'O', 'O', 'O', 'O', 'O', 'O', 'O', 'O', 'B-LOC', 'O', 'O', 'O', 'O', 'O', 'O', 'O', 'O', 'O', 'O', 'O', 'O', 'O', 'O', 'O', 'O', 'O', 'O', 'O', 'B-SYM', 'I-SYM', 'O', 'O', 'O', 'O', 'O', 'O']"
"['Dr', 'Adil', 'Sheraz', ',', 'a', 'consultant', 'dermatologist', 'and', 'spokesperson', 'told', 'MailOnline', 'in', 'April', ':', ""'"", 'A', 'variety', 'of', 'skin', 'manifestations', 'have', 'been', 'seen', 'in', 'Covid-19', 'positive', 'patients', '.']","['O', 'O', 'O', 'O', 'O', 'O', 'O', 'O', 'O', 'O', 'O', 'O', 'O', 'O', 'O', 'O', 'O', 'O', 'B-SYM', 'I-SYM', 'O', 'O', 'O', 'O', 'O', 'O', 'O', 'O']"
"[""'"", 'If', 'you', 'develop', 'a', 'new', 'rash', 'then', 'please', 'speak', 'to', 'your', 'GP', 'or', 'dermatologist', '.']","['O', 'O', 'O', 'O', 'O', 'O', 'B-SYM', 'O', 'O', 'O', 'O', 'O', 'O', 'O', 'O', 'O']"
"['A', 'diagnosis', 'of', 'Covid-19', 'should', 'not', 'be', 'made', 'from', 'just', 'the', 'presence', 'of', 'a', 'rash', '.', ""'""]","['O', 'O', 'O', 'O', 'O', 'O', 'O', 'O', 'O', 'O', 'O', 'O', 'O', 'O', 'B-SYM', 'O', 'O']"
"['Of', 'those', 'who', 'had', ""'"", 'Covid', 'toes', ""'"", '—', 'which', 'is', 'chilblains', ',', 'redness', 'or', 'swelling', 'of', 'the', 'feet', 'and', 'hands', '—', 'symptoms', 'lasted', 'for', '10', 'to', '15', 'days', ',', 'on', 'average', '.']","['O', 'O', 'O', 'O', 'B-SYM', 'I-SYM', 'I-SYM', 'O', 'O', 'O', 'O', 'B-SYM', 'O', 'B-SYM', 'I-SYM', 'I-SYM', 'I-SYM', 'I-SYM', 'I-SYM', 'I-SYM', 'I-SYM', 'O', 'O', 'O', 'O', 'O', 'O', 'O', 'O', 'O', 'O', 'O', 'O']"
"['And', 'one', 'of', 'the', 'researchers', 'warned', 'some', 'were', 'still', 'suffering', 'from', ""'"", 'Covid', 'toes', ""'"", '150', 'days', 'later', '—', 'the', 'equivalent', 'of', 'around', 'five', 'months', '.']","['O', 'O', 'O', 'O', 'O', 'O', 'O', 'O', 'O', 'O', 'O', 'B-SYM', 'I-SYM', 'I-SYM', 'O', 'O', 'O', 'O', 'O', 'O', 'O', 'O', 'O', 'O', 'O', 'O']"
"['The', 'findings', ',', 'which', 'will', 'be', 'presented', 'at', 'the', 'European', 'Academy', 'of', 'Dermatology', 'and', 'Venereology', '(', 'EADV', ')', 'Congress', 'in', 'Switzerland', 'this', 'week', ',', 'point', 'to', 'another', 'burden', 'experienced', 'by', 'so', '-', 'called', ""'"", 'long', 'haulers', ""'"", '.']","['O', 'O', 'O', 'O', 'O', 'O', 'O', 'O', 'O', 'O', 'O', 'O', 'O', 'O', 'O', 'O', 'O', 'O', 'O', 'O', 'B-LOC', 'O', 'O', 'O', 'O', 'O', 'O', 'O', 'O', 'O', 'O', 'O', 'O', 'O', 'O', 'O', 'O', 'O']"
"['Dr', 'Esther', 'Freeman', ',', 'principal', 'investigator', 'of', 'the', 'International', 'Covid-19', 'Dermatology', 'Registry', ',', 'said', ':', ""'"", 'It', 'seems', 'there', 'is', 'a', 'certain', 'sub', '-', 'group', 'of', 'patients', 'that', ',', 'when', 'they', 'get', 'Covid', ',', 'they', 'develop', 'inflammation', 'in', 'their', 'toes', ',', 'which', 'turns', 'them', 'red', 'and', 'swollen', ',', 'and', 'then', 'they', 'eventually', 'turn', 'purple', '.']","['O', 'O', 'O', 'O', 'O', 'O', 'O', 'O', 'O', 'O', 'O', 'O', 'O', 'O', 'O', 'O', 'O', 'O', 'O', 'O', 'O', 'O', 'O', 'O', 'O', 'O', 'O', 'O', 'O', 'O', 'O', 'O', 'O', 'O', 'O', 'O', 'B-SYM', 'O', 'O', 'O', 'O', 'O', 'O', 'O', 'O', 'O', 'O', 'O', 'O', 'O', 'O', 'O', 'O', 'O', 'O']"
"[""'"", 'It', ""'s"", 'the', 'fact', 'that', 'some', 'of', 'our', 'patients', 'are', 'at', 'over', '150', 'days', 'now', '—', 'these', 'are', 'patients', 'with', 'red', 'or', 'purple', 'or', 'swollen', 'toes', 'for', 'many', 'months', '.']","['O', 'O', 'O', 'O', 'O', 'O', 'O', 'O', 'O', 'O', 'O', 'O', 'O', 'O', 'O', 'O', 'O', 'O', 'O', 'O', 'O', 'O', 'O', 'O', 'O', 'B-SYM', 'I-SYM', 'O', 'O', 'O', 'O']"
"['Dr', 'Freeman', 'said', 'the', 'identification', 'of', 'people', 'with', 'Covid', 'toes', 'helps', 'scientists', 'understand', 'more', 'about', 'coronavirus', '-', 'related', 'symptoms', 'elsewhere', 'in', 'the', 'body', '.']","['O', 'O', 'O', 'O', 'O', 'O', 'O', 'O', 'B-SYM', 'I-SYM', 'O', 'O', 'O', 'O', 'O', 'O', 'O', 'O', 'O', 'O', 'O', 'O', 'O', 'O']"
"[""'"", 'I', 'think', 'it', 'raises', 'a', 'lot', 'of', 'questions', 'about', 'what', 'sort', 'of', 'inflammation', 'is', 'going', 'on', '—', 'is', 'there', 'inflammation', 'elsewhere', 'in', 'the', 'body', '?']","['O', 'O', 'O', 'O', 'O', 'O', 'O', 'O', 'O', 'O', 'O', 'O', 'O', 'B-SYM', 'O', 'O', 'O', 'O', 'O', 'O', 'B-SYM', 'O', 'O', 'O', 'O', 'O']"
"[""'"", 'The', 'skin', 'can', 'be', 'viewed', 'as', 'a', 'window', 'into', 'the', 'rest', 'of', 'the', 'body', 'because', 'it', 'is', 'inflammation', 'which', 'you', 'can', 'see', '-', 'and', 'can', 'be', 'indicative', 'of', 'inflammation', 'elsewhere', '.']","['O', 'O', 'O', 'O', 'O', 'O', 'O', 'O', 'O', 'O', 'O', 'O', 'O', 'O', 'O', 'O', 'O', 'O', 'B-SYM', 'O', 'O', 'O', 'O', 'O', 'O', 'O', 'O', 'O', 'O', 'O', 'O', 'O']"
"['The', 'figures', 'were', 'submitted', 'by', 'doctors', 'treating', 'patients', 'with', 'skin', 'issues', 'in', 'dozens', 'of', 'countries', 'around', 'the', 'world', '.']","['O', 'O', 'O', 'O', 'O', 'O', 'O', 'O', 'O', 'B-SYM', 'I-SYM', 'O', 'O', 'O', 'O', 'O', 'O', 'O', 'O']"
"['Researchers', 'at', 'King', ""'s"", 'College', 'London', 'called', 'for', 'skin', 'rashes', 'to', 'be', 'considered', 'as', 'the', 'fourth', 'key', 'symptom', 'of', 'Covid-19', 'in', 'July', ',', 'after', 'a', 'cough', ',', 'fever', 'and', 'loss', 'of', 'taste', 'and', 'smell', '.']","['O', 'O', 'O', 'O', 'O', 'O', 'O', 'O', 'B-SYM', 'I-SYM', 'O', 'O', 'O', 'O', 'O', 'O', 'O', 'O', 'O', 'O', 'O', 'B-TIM', 'O', 'O', 'O', 'B-SYM', 'O', 'B-SYM', 'O', 'B-SYM', 'I-SYM', 'I-SYM', 'I-SYM', 'I-SYM', 'O']"
"['Their', 'research', 'found', 'characteristic', 'skin', 'rashes', 'and', ""'"", 'Covid', 'fingers', 'and', 'toes', ""'"", 'can', 'occur', 'in', 'the', 'absence', 'of', 'any', 'other', 'symptoms', 'and', 'affects', 'around', '8.8', 'per', 'cent', 'of', 'patients', '.']","['O', 'O', 'O', 'O', 'O', 'O', 'O', 'B-SYM', 'I-SYM', 'I-SYM', 'I-SYM', 'I-SYM', 'O', 'O', 'O', 'O', 'O', 'O', 'O', 'O', 'O', 'O', 'O', 'O', 'O', 'O', 'O', 'O', 'O', 'O', 'O']"
"['She', 'will', 'remain', 'at', 'their', 'home', 'in', 'Rehoboth', 'Beach', ',', 'Delaware', '.', '”']","['O', 'O', 'O', 'O', 'O', 'O', 'O', 'O', 'O', 'O', 'B-LOC', 'O', 'O']"
"['With', 'tick', 'season', 'in', 'swing', ',', 'many', 'may', 'think', 'their', 'fever', '-', 'like', 'sickness', 'is', 'caused', 'by', 'Covid']","['O', 'O', 'O', 'O', 'O', 'O', 'O', 'O', 'O', 'O', 'B-SYM', 'I-SYM', 'I-SYM', 'I-SYM', 'O', 'O', 'O', 'O']"
"['But', 'Lyme', 'disease', 'still', 'remains', 'a', 'relatively', 'little', '-', 'known', 'illness', 'in', 'the', 'UK', '.']","['O', 'O', 'O', 'O', 'O', 'O', 'O', 'O', 'O', 'O', 'O', 'O', 'O', 'B-LOC', 'O']"
"['Ticks', 'that', 'carry', 'Lyme', 'disease', 'are', 'found', 'all', 'over', 'the', 'UK', '.']","['O', 'O', 'O', 'O', 'O', 'O', 'O', 'O', 'O', 'O', 'B-LOC', 'O']"
"['High', '-', 'risk', 'areas', 'include', 'grassy', 'and', 'wooded', 'areas', 'found', 'in', 'both', 'southern', 'and', 'northern', 'England', '.']","['O', 'O', 'O', 'O', 'O', 'O', 'O', 'O', 'O', 'O', 'O', 'O', 'O', 'O', 'O', 'B-LOC', 'O']"
"['Fever', 'and', 'chills']","['B-SYM', 'O', 'O']"
['Headache'],['B-SYM']
['Fatigue'],['B-SYM']
"['Fever', 'or', 'chills']","['B-SYM', 'I-SYM', 'I-SYM']"
['Cough'],['B-SYM']
"['Shortness', 'of', 'breath', 'or', 'difficulty', 'breathing']","['B-SYM', 'I-SYM', 'I-SYM', 'O', 'B-SYM', 'I-SYM']"
['Fatigue'],['B-SYM']
"['Muscle', 'or', 'body', 'aches']","['B-SYM', 'I-SYM', 'I-SYM', 'I-SYM']"
['Headache'],['B-SYM']
"['New', 'loss', 'of', 'taste', 'or', 'smell']","['O', 'B-SYM', 'I-SYM', 'I-SYM', 'I-SYM', 'I-SYM']"
"['Sore', 'throat']","['B-SYM', 'I-SYM']"
"['Congestion', 'or', 'runny', 'nose']","['B-SYM', 'O', 'B-SYM', 'I-SYM']"
"['Nausea', 'or', 'vomiting']","['B-SYM', 'O', 'B-SYM']"
"['Diarrhoea', '.']","['B-SYM', 'O']"
"['“', 'Tick', '-', 'borne', 'microbes', ',', 'on', 'the', 'other', 'hand', ',', 'enter', 'the', 'body', 'through', 'the', 'skin', 'and', 'bloodstream', ',', 'so', 'symptoms', 'often', 'include', 'rashes', 'and', 'odd', 'systematic', 'symptoms', '.', '”']","['O', 'O', 'O', 'O', 'O', 'O', 'O', 'O', 'O', 'O', 'O', 'O', 'O', 'O', 'O', 'O', 'O', 'O', 'O', 'O', 'O', 'O', 'O', 'O', 'B-SYM', 'O', 'O', 'O', 'O', 'O', 'O']"
"['Internal', 'medicine', 'physician', 'Andrew', 'Vasey', ',', 'MD', ',', 'sees', 'a', 'variety', 'of', 'long', 'COVID', 'patients', 'in', 'the', 'Nebraska', 'Medicine', 'Post', '-', 'Acute', 'COVID', 'Clinic', '.']","['O', 'O', 'O', 'O', 'O', 'O', 'O', 'O', 'O', 'O', 'O', 'O', 'O', 'O', 'O', 'O', 'O', 'B-LOC', 'O', 'O', 'O', 'O', 'O', 'O', 'O']"
"['Mood', 'disorders']","['B-SYM', 'I-SYM']"
"['""', 'People', 'have', 'developed', 'depression', 'and', 'anxiety', 'after', 'their', 'COVID-19', 'infection', ',', '""', 'says', 'Dr.', 'Vasey', '.']","['O', 'O', 'O', 'O', 'B-SYM', 'O', 'B-SYM', 'O', 'O', 'O', 'O', 'O', 'O', 'O', 'O', 'O', 'O']"
"['""', 'For', 'others', ',', 'their', 'preexisting', 'mood', 'disorder', 'can', 'get', 'worse', '.']","['O', 'O', 'O', 'O', 'O', 'O', 'B-SYM', 'I-SYM', 'O', 'O', 'O', 'O']"
"['Sleep', 'issues']","['B-SYM', 'I-SYM']"
"['COVID-19', 'survivors', 'may', 'experience', 'insomnia', '.']","['O', 'O', 'O', 'O', 'B-SYM', 'O']"
"['Breathing', 'problems']","['B-SYM', 'I-SYM']"
"['Shortness', 'of', 'breath', 'means', 'you', ""'re"", 'consciously', 'thinking', 'about', 'breathing', 'and', 'having', 'difficulty', 'doing', 'so', '.']","['B-SYM', 'I-SYM', 'I-SYM', 'O', 'O', 'O', 'O', 'O', 'O', 'O', 'O', 'O', 'O', 'O', 'O', 'O']"
"['""', 'Shortness', 'of', 'breath', 'is', 'a', 'common', 'issue', 'seen', 'in', 'our', 'clinic', ',', '""', 'says', 'Dr.', 'Vasey', '.']","['B-SYM', 'I-SYM', 'I-SYM', 'I-SYM', 'O', 'O', 'O', 'O', 'O', 'O', 'O', 'O', 'O', 'O', 'O', 'O', 'O', 'O']"
"['""', 'Patients', 'can', 'experience', 'shortness', 'of', 'breath', 'after', 'exertion', 'or', 'even', 'at', 'rest', '.']","['O', 'O', 'O', 'O', 'B-SYM', 'I-SYM', 'I-SYM', 'O', 'O', 'O', 'O', 'O', 'O', 'O']"
"['A', 'persistent', 'cough', 'is', 'also', 'a', 'common', 'post-', 'COVID', 'symptom', '.']","['O', 'B-SYM', 'I-SYM', 'O', 'O', 'O', 'O', 'O', 'O', 'O', 'O']"
"['Brain', 'dysfunction', ',', 'including', 'brain', 'fog']","['B-SYM', 'I-SYM', 'O', 'O', 'B-SYM', 'I-SYM']"
"['Brain', 'fog', '(', 'or', 'trouble', 'concentrating', ')', 'is', 'a', 'common', 'long', '-', 'COVID', 'symptom', ',', 'and', 'may', 'persist', 'for', 'weeks', 'or', 'longer', '.']","['B-SYM', 'I-SYM', 'O', 'O', 'B-SYM', 'I-SYM', 'O', 'O', 'O', 'O', 'O', 'O', 'O', 'O', 'O', 'O', 'O', 'O', 'O', 'O', 'O', 'O', 'O']"
"['""', 'Brain', 'dysfunction', 'after', 'COVID-19', 'infection', 'is', 'quite', 'common', ',', '""', 'says', 'Thomas', 'Scott', 'Diesing', ',', 'MD', ',', 'Nebraska', 'Medicine', 'neurologist', '.']","['B-SYM', 'I-SYM', 'I-SYM', 'O', 'O', 'O', 'O', 'O', 'O', 'O', 'O', 'O', 'O', 'O', 'O', 'O', 'O', 'O', 'O', 'O', 'O', 'O']"
"['""', 'Long', '-', 'COVID', 'symptoms', 'can', 'include', 'inattention', ',', 'cognitive', 'troubles', ',', 'fatigue', ',', 'behavioral', 'troubles', 'and', 'other', 'neurological', 'symptoms', '.']","['O', 'O', 'O', 'O', 'O', 'O', 'O', 'B-SYM', 'O', 'B-SYM', 'I-SYM', 'O', 'B-SYM', 'O', 'B-SYM', 'I-SYM', 'O', 'O', 'O', 'O', 'O']"
"['Less', 'frequently', ',', 'long', 'COVID', 'can', 'cause', 'chronic', 'fatigue', 'syndrome', '(', 'CFS', ')', '.']","['O', 'O', 'O', 'O', 'O', 'O', 'O', 'B-SYM', 'I-SYM', 'O', 'O', 'O', 'O', 'O']"
"['Heart', 'issues']","['B-SYM', 'I-SYM']"
"['Long', 'after', 'someone', ""'s"", 'original', 'infection', ',', 'they', 'may', 'experience', 'chest', 'tightness', 'or', 'chest', 'pain', '.']","['O', 'O', 'O', 'O', 'O', 'O', 'O', 'O', 'O', 'O', 'O', 'B-SYM', 'I-SYM', 'I-SYM', 'I-SYM', 'O']"
"['""', 'We', ""'ve"", 'had', 'patients', 'experiencing', 'symptoms', 'of', 'chest', 'pain', '/', 'tightness', 'or', 'their', 'heart', 'racing', 'over', 'a', 'year', 'out', 'from', 'their', 'original', 'infection', ',', '""', 'says', 'Dr.', 'Vasey', '.']","['O', 'O', 'O', 'O', 'O', 'O', 'O', 'O', 'B-SYM', 'I-SYM', 'I-SYM', 'I-SYM', 'O', 'O', 'O', 'O', 'O', 'O', 'O', 'O', 'O', 'O', 'O', 'O', 'O', 'O', 'O', 'O', 'O', 'O']"
"['Heart', 'issues', 'can', 'also', 'contribute', 'to', 'the', 'post', '-', 'COVID', 'symptoms', 'of', 'lightheadedness', ',', 'dizziness', 'and', 'vertigo', '.']","['O', 'O', 'O', 'O', 'O', 'O', 'O', 'O', 'O', 'O', 'O', 'O', 'B-SYM', 'O', 'B-SYM', 'O', 'B-SYM', 'O']"
"['Myocarditis', 'or', 'heart', 'inflammation', 'can', 'be', 'seen', 'after', 'COVID-19', 'infection', '.']","['B-SYM', 'O', 'B-SYM', 'I-SYM', 'O', 'O', 'O', 'O', 'O', 'O', 'O']"
"['Importantly', ',', 'myocarditis', 'caused', 'by', 'the', 'virus', 'tends', 'to', 'be', 'much', 'more', 'severe', 'than', 'myocarditis', 'caused', 'by', 'the', 'Johnson', '&', 'Johnson', 'vaccine', '.']","['O', 'O', 'B-SYM', 'O', 'O', 'O', 'O', 'O', 'O', 'O', 'O', 'O', 'O', 'O', 'O', 'O', 'O', 'O', 'O', 'O', 'O', 'O', 'O']"
"['COVID-19', 'survivors', 'can', 'also', 'develop', 'a', 'cardiovascular', 'condition', 'called', 'postural', 'orthostatic', 'tachycardia', 'syndrome', '(', 'POTS', ')', '.']","['O', 'O', 'O', 'O', 'O', 'O', 'B-SYM', 'I-SYM', 'O', 'B-SYM', 'I-SYM', 'I-SYM', 'I-SYM', 'O', 'O', 'O', 'O']"
"['Loss', 'of', 'taste', 'or', 'smell']","['B-SYM', 'I-SYM', 'I-SYM', 'I-SYM', 'I-SYM']"
"['One', 'alarming', 'symptom', 'of', 'post', '-', 'COVID', 'syndrome', 'is', 'the', 'loss', 'of', 'taste', 'and', 'smell', '.']","['O', 'O', 'O', 'O', 'O', 'O', 'O', 'O', 'O', 'O', 'B-SYM', 'I-SYM', 'I-SYM', 'I-SYM', 'I-SYM', 'O']"
"['The', 'vast', 'majority', 'of', 'people', 'recover', 'their', 'sense', 'of', 'smell', 'in', 'two', 'or', 'three', 'weeks', '.']","['O', 'O', 'O', 'O', 'O', 'O', 'O', 'B-SYM', 'I-SYM', 'I-SYM', 'O', 'O', 'O', 'O', 'O', 'O']"
"['7', '.', 'Hair', 'loss']","['O', 'O', 'B-SYM', 'I-SYM']"
"['""', 'Diffuse', 'hair', 'loss', 'can', 'surprise', 'people', 'in', 'the', 'months', 'after', 'their', 'infection', ',', '""', 'says', 'Dr.', 'Vasey', '.']","['O', 'O', 'B-SYM', 'I-SYM', 'O', 'O', 'O', 'O', 'O', 'O', 'O', 'O', 'O', 'O', 'O', 'O', 'O', 'O', 'O']"
"['Hair', 'loss', 'can', 'also', 'happen', 'with', 'other', 'types', 'of', 'infections', 'when', 'fevers', 'are', 'present', '.']","['B-SYM', 'I-SYM', 'O', 'O', 'O', 'O', 'O', 'O', 'O', 'O', 'O', 'B-SYM', 'O', 'O', 'O']"
"['Skin', 'rashes']","['B-SYM', 'I-SYM']"
"['Skin', 'rashes', 'can', 'include', 'small', 'bumps', ',', 'discolored', 'areas', 'or', 'blisters', '.']","['B-SYM', 'I-SYM', 'O', 'O', 'O', 'O', 'O', 'O', 'O', 'O', 'O', 'O']"
"['COVID-19', 'primarily', 'targets', 'the', 'human', 'respiratory', 'system', ',', 'with', 'commonly', 'reported', 'symptoms', ',', 'such', 'as', 'fever', ',', 'shortness', 'of', 'breath', ',', 'cough', ',', 'muscle', 'aches', ',', 'fatigue', ',', 'headache', ',', 'sore', 'throat', ',', 'loss', 'of', 'smell', '(', 'anosmia', ')', ',', 'or', 'taste', '(', 'ageusia', '/', 'dysgeusia', ')', ',', 'nausea', '/', 'vomiting', ',', 'and', 'congestion', '.']","['O', 'O', 'O', 'O', 'O', 'O', 'O', 'O', 'O', 'O', 'O', 'O', 'O', 'O', 'O', 'B-SYM', 'O', 'B-SYM', 'I-SYM', 'I-SYM', 'O', 'B-SYM', 'O', 'B-SYM', 'I-SYM', 'O', 'B-SYM', 'O', 'B-SYM', 'O', 'B-SYM', 'I-SYM', 'O', 'B-SYM', 'I-SYM', 'I-SYM', 'I-SYM', 'I-SYM', 'I-SYM', 'I-SYM', 'I-SYM', 'I-SYM', 'I-SYM', 'I-SYM', 'I-SYM', 'I-SYM', 'I-SYM', 'O', 'B-SYM', 'I-SYM', 'I-SYM', 'O', 'O', 'B-SYM', 'O']"
"['As', 'part', 'of', 'this', 'study', 'performed', 'in', 'Israel', 'during', 'April', 'and', 'May', '2020', ',', 'the', 'researchers', 'conducted', 'phone', 'interviews', 'and', 'follow', '-', 'ups', 'with', '112', 'adult', 'COVID-19', 'patients', 'with', 'mild', 'symptoms', 'over', '6', 'weeks', '.']","['O', 'O', 'O', 'O', 'O', 'O', 'O', 'O', 'O', 'B-TIM', 'I-TIM', 'I-TIM', 'I-TIM', 'O', 'O', 'O', 'O', 'O', 'O', 'O', 'O', 'O', 'O', 'O', 'O', 'O', 'O', 'O', 'O', 'O', 'O', 'O', 'O', 'O', 'O']"
"['Smell', 'and', 'taste', 'changes', 'lasted', 'longer', 'than', 'other', 'symptoms']","['B-SYM', 'I-SYM', 'I-SYM', 'I-SYM', 'O', 'O', 'O', 'O', 'O']"
"['One', '-', 'third', 'of', 'the', 'patients', 'who', 'experienced', 'cough', ',', 'anosmia', 'and', 'taste', 'changes', 'had', 'these', 'symptoms', 'even', 'after', 'they', 'tested', 'negative', 'in', 'RT', '-', 'PCR', 'tests', '.']","['O', 'O', 'O', 'O', 'O', 'O', 'O', 'O', 'B-SYM', 'O', 'B-SYM', 'O', 'B-SYM', 'I-SYM', 'O', 'O', 'O', 'O', 'O', 'O', 'O', 'O', 'O', 'O', 'O', 'O', 'O', 'O']"
"['The', 'extent', 'of', 'olfactory', 'changes', 'is', 'directly', 'associated', 'with', 'time', 'taken', 'for', 'smell', 'recovery', '.']","['O', 'O', 'O', 'B-SYM', 'I-SYM', 'O', 'O', 'O', 'O', 'O', 'O', 'O', 'O', 'O', 'O']"
"['Malinda', 'Ann', 'Hill', 'decided', 'to', 'resume', 'treatment', 'for', 'her', 'eating', 'disorder', 'almost', 'as', 'soon', 'as', 'she', 'shifted', 'to', 'working', 'remotely', 'in', 'March', '2020', '.']","['O', 'O', 'O', 'O', 'O', 'O', 'O', 'O', 'O', 'O', 'O', 'O', 'O', 'O', 'O', 'O', 'O', 'O', 'O', 'O', 'O', 'B-TIM', 'I-TIM', 'O']"
"['“', 'I', 'had', 'made', 'a', 'really', 'distinct', 'decision', 'not', 'to', 'work', 'from', 'home', ',', 'so', 'that', 'sent', 'me', 'into', 'a', 'tailspin', ',', '”', 'said', 'Ms.', 'Hill', ',', '49', ',', 'who', 'lives', 'with', 'her', 'daughter', 'in', 'Wynnewood', ',', 'Pa.', ',', 'and', 'works', 'as', 'an', 'art', 'therapist', 'and', 'bereavement', 'coordinator', 'for', 'a', 'local', 'hospital', '.']","['O', 'O', 'O', 'O', 'O', 'O', 'O', 'O', 'O', 'O', 'O', 'O', 'O', 'O', 'O', 'O', 'O', 'O', 'O', 'O', 'O', 'O', 'O', 'O', 'O', 'O', 'O', 'O', 'O', 'O', 'O', 'O', 'O', 'O', 'O', 'B-LOC', 'I-LOC', 'I-LOC', 'O', 'O', 'O', 'O', 'O', 'O', 'O', 'O', 'O', 'O', 'O', 'O', 'O', 'O', 'O']"
"['Blocked', 'Nose', 'And', '2', 'Other', 'Top', 'Signs', 'of', 'COVID', 'Infection']","['B-SYM', 'I-SYM', 'O', 'O', 'O', 'O', 'O', 'O', 'O', 'O']"
"['Blocked', 'Nose', 'And', '2', 'Other', 'Signs', 'COVID', 'Infected', 'Patients', 'May', 'Notice']","['B-SYM', 'I-SYM', 'O', 'O', 'O', 'O', 'O', 'O', 'O', 'O', 'O']"
"['In', 'the', 'last', 'couple', 'of', 'weeks', ',', 'China', 'has', 'witnessed', 'a', 'massive', 'surge', 'in', 'its', 'daily', 'COVID', 'cases', '.']","['O', 'O', 'O', 'O', 'O', 'O', 'O', 'B-LOC', 'O', 'O', 'O', 'O', 'O', 'O', 'O', 'O', 'O', 'O', 'O']"
"['Two', 'of', 'the', 'variants', 'which', 'are', 'circulating', 'in', 'China', ',', 'US', ',', 'South', 'Korea', ',', 'and', 'Japan', 'are', '--', 'BF.7', ',', 'and', 'XBB.1.5', '.']","['O', 'O', 'O', 'O', 'O', 'O', 'O', 'O', 'B-LOC', 'O', 'B-LOC', 'O', 'B-LOC', 'I-LOC', 'O', 'O', 'B-LOC', 'O', 'O', 'O', 'O', 'O', 'O', 'O']"
"['These', 'variants', 'are', 'not', 'only', 'driving', 'new', 'COVID', 'surge', 'in', 'China', 'and', 'the', 'United', 'States', 'but', 'are', 'also', 'giving', 'major', 'challenges', 'to', 'others', 'at', 'high', '-', 'risk', 'countries', 'by', 'forcing', 'them', 'to', 'brace', 'for', 'any', 'unpredictable', 'condition', 'or', 'sudden', 'COVID', 'outbreak', 'in', 'the', 'upcoming', 'days', '.']","['O', 'O', 'O', 'O', 'O', 'O', 'O', 'O', 'O', 'O', 'B-LOC', 'O', 'B-LOC', 'I-LOC', 'I-LOC', 'O', 'O', 'O', 'O', 'O', 'O', 'O', 'O', 'O', 'O', 'O', 'O', 'O', 'O', 'O', 'O', 'O', 'O', 'O', 'O', 'O', 'O', 'O', 'O', 'O', 'O', 'O', 'O', 'O', 'O', 'O']"
"['Sore', 'Throat']","['B-SYM', 'I-SYM']"
"['One', 'of', 'the', 'most', 'dominant', 'symptoms', 'of', 'COVID', 'infection', 'and', 'also', ',', 'the', 'earliest', 'sign', 'to', 'identify', 'that', 'you', 'have', 'contracted', 'the', 'virus', 'is', 'a', 'sore', 'throat', '.']","['O', 'O', 'O', 'O', 'O', 'O', 'O', 'O', 'O', 'O', 'O', 'O', 'O', 'O', 'O', 'O', 'O', 'O', 'O', 'O', 'O', 'O', 'O', 'O', 'O', 'B-SYM', 'I-SYM', 'O']"
"['After', 'catching', 'the', 'virus', 'infection', ',', 'the', 'patients', 'may', 'complain', 'of', 'feeling', 'discomfort', ',', 'pain', ',', 'or', 'scratchiness', 'in', 'their', 'throats', '.']","['O', 'O', 'O', 'O', 'O', 'O', 'O', 'O', 'O', 'O', 'O', 'O', 'B-SYM', 'I-SYM', 'I-SYM', 'I-SYM', 'I-SYM', 'I-SYM', 'I-SYM', 'I-SYM', 'I-SYM', 'O']"
"['Runny', 'Nose']","['B-SYM', 'I-SYM']"
"['One', 'of', 'the', 'most', 'common', 'symptoms', 'of', 'COVID-19', 'infection', 'is', 'a', 'runny', 'nose', '.']","['O', 'O', 'O', 'O', 'O', 'O', 'O', 'O', 'O', 'O', 'O', 'B-SYM', 'I-SYM', 'O']"
"['Blocked', 'Nose']","['B-SYM', 'I-SYM']"
"['A', 'blocked', 'nose', ',', 'also', 'known', 'as', 'nasal', 'congestion', 'is', 'a', 'condition', 'wherein', 'the', 'blood', 'vessels', 'present', 'inside', 'the', 'nose', 'become', 'inflamed', 'with', 'an', 'excess', 'amount', 'of', 'fluid', '.']","['O', 'B-SYM', 'I-SYM', 'O', 'O', 'O', 'O', 'B-SYM', 'I-SYM', 'O', 'O', 'O', 'O', 'O', 'O', 'O', 'O', 'O', 'O', 'O', 'O', 'O', 'O', 'O', 'O', 'O', 'O', 'O', 'O']"
"['Sneezing', 'Dry', 'cough', 'Chronic', 'headache', 'Wet', 'cough', 'with', 'phlegm', 'Hoarse', 'voice', 'Muscle', 'aches', 'and', 'pains', 'Loss', 'of', 'taste', 'and', 'smell', 'High', 'fever']","['B-SYM', 'B-SYM', 'I-SYM', 'B-SYM', 'I-SYM', 'B-SYM', 'I-SYM', 'O', 'O', 'O', 'O', 'B-SYM', 'I-SYM', 'I-SYM', 'I-SYM', 'B-SYM', 'I-SYM', 'I-SYM', 'I-SYM', 'I-SYM', 'B-SYM', 'I-SYM']"
"['Extreme', 'fatigue']","['B-SYM', 'I-SYM']"
"['A', 'subgroup', 'of', 'patients', 'may', 'have', 'digestive', 'symptoms', ',', 'such', 'as', 'diarrhea', ',', 'as', 'their', 'only', 'symptom', 'of', 'COVID-19', ',', 'with', 'or', 'without', 'ever', 'developing', 'respiratory', 'symptoms', 'or', 'even', 'a', 'fever', ',', 'reported', 'Xiaohua', 'Hou', ',', 'MD', ',', 'PhD', ',', 'of', 'Huazhong', 'University', 'of', 'Science', 'and', 'Technology', 'in', 'Wuhan', ',', 'China', ',', 'and', 'colleagues', '.']","['O', 'O', 'O', 'O', 'O', 'O', 'O', 'O', 'O', 'O', 'O', 'O', 'O', 'O', 'O', 'O', 'O', 'O', 'O', 'O', 'O', 'O', 'O', 'O', 'O', 'O', 'O', 'O', 'O', 'O', 'O', 'O', 'O', 'O', 'O', 'O', 'O', 'O', 'O', 'O', 'O', 'O', 'O', 'O', 'O', 'O', 'O', 'O', 'B-LOC', 'O', 'B-LOC', 'O', 'O', 'O', 'O']"
"['This', 'is', 'about', 'the', 'more', 'common', 'scenario', 'of', 'people', 'in', 'the', 'community', 'struggling', 'to', 'figure', 'out', 'if', 'they', 'might', 'have', 'COVID-19', 'because', 'of', 'new', '-', 'onset', 'diarrhea', ',', 'nausea', ',', 'or', 'vomiting', ',', '""', 'Brennan', 'M.R.', 'Spiegel', ',', 'MD', ',', 'the', 'journal', ""'s"", 'co', '-', 'editor', '-', 'in', '-', 'chief', ',', 'said', 'in', 'a', 'statement', '.']","['O', 'O', 'O', 'O', 'O', 'O', 'O', 'O', 'O', 'O', 'O', 'O', 'O', 'O', 'O', 'O', 'O', 'O', 'O', 'O', 'O', 'O', 'O', 'O', 'O', 'O', 'B-SYM', 'O', 'B-SYM', 'O', 'O', 'B-SYM', 'O', 'O', 'O', 'O', 'O', 'O', 'O', 'O', 'O', 'O', 'O', 'O', 'O', 'O', 'O', 'O', 'O', 'O', 'O', 'O', 'O', 'O', 'O', 'O']"
"['""', 'Because', 'COVID-19', 'testing', 'has', 'largely', 'focused', 'on', 'patients', 'with', 'respiratory', 'symptoms', '--', 'not', 'digestive', 'symptoms', '--', 'it', 'is', 'possible', 'there', 'is', 'a', 'large', 'cohort', 'of', 'undiagnosed', 'patients', 'with', 'low', 'severity', 'illness', 'but', 'with', 'digestive', 'symptoms', ',', 'such', 'as', 'diarrhea', ',', 'who', 'unknowingly', 'spread', 'the', 'virus', ',', '""', 'Hou', 'and', 'colleagues', 'wrote', '.']","['O', 'O', 'O', 'O', 'O', 'O', 'O', 'O', 'O', 'O', 'O', 'O', 'O', 'O', 'O', 'O', 'O', 'O', 'O', 'O', 'O', 'O', 'O', 'O', 'O', 'O', 'O', 'O', 'O', 'O', 'O', 'O', 'O', 'O', 'O', 'O', 'O', 'O', 'O', 'B-SYM', 'O', 'O', 'O', 'O', 'O', 'O', 'O', 'O', 'O', 'O', 'O', 'O', 'O']"
"['They', 'examined', 'data', 'from', '206', 'patients', 'from', 'a', 'single', 'hospital', ',', 'including', '48', 'who', 'only', 'presented', 'with', 'a', 'digestive', 'symptom', '(', 'diarrhea', ',', 'nausea', ',', 'vomiting', ')', ',', '69', 'who', 'presented', 'with', 'both', 'digestive', 'and', 'respiratory', 'symptoms', ',', 'and', '89', 'with', 'respiratory', 'symptoms', 'alone', '.']","['O', 'O', 'O', 'O', 'O', 'O', 'O', 'O', 'O', 'O', 'O', 'O', 'O', 'O', 'O', 'O', 'O', 'O', 'O', 'O', 'B-SYM', 'I-SYM', 'O', 'B-SYM', 'O', 'B-SYM', 'O', 'O', 'O', 'O', 'O', 'O', 'O', 'O', 'O', 'O', 'O', 'O', 'O', 'O', 'O', 'O', 'O', 'O', 'O']"
"['Interestingly', ',', 'the', 'digestive', 'and', 'respiratory', 'group', 'was', 'more', 'likely', 'to', 'report', 'shortness', 'of', 'breath', ',', 'fatigue', ',', 'and', 'muscle', 'soreness', 'versus', 'the', 'respiratory', '-', 'only', 'group', '.']","['O', 'O', 'O', 'O', 'O', 'O', 'O', 'O', 'O', 'O', 'O', 'O', 'B-SYM', 'I-SYM', 'I-SYM', 'O', 'B-SYM', 'O', 'O', 'B-SYM', 'I-SYM', 'O', 'O', 'O', 'O', 'O', 'O', 'O']"
"['Among', 'the', 'group', 'who', 'had', 'GI', 'symptoms', ',', '67', 'had', 'diarrhea', ',', 'with', 'an', 'average', 'duration', 'of', 'over', '5', 'days', ',', 'and', 'a', 'frequency', 'of', 'around', 'four', 'bowel', 'movements', 'per', 'day', '.']","['O', 'O', 'O', 'O', 'O', 'O', 'O', 'O', 'O', 'O', 'B-SYM', 'I-SYM', 'O', 'O', 'O', 'O', 'O', 'O', 'O', 'O', 'O', 'O', 'O', 'O', 'O', 'O', 'O', 'O', 'O', 'O', 'O', 'O']"
"['They', 'noted', 'concurrent', 'fever', 'in', '62', '%', 'of', 'patients', 'with', 'a', 'digestive', 'symptom', ',', 'meaning', 'almost', '40', '%', 'did', 'not', 'have', 'fever', '.']","['O', 'O', 'O', 'B-SYM', 'O', 'O', 'O', 'O', 'O', 'O', 'O', 'O', 'O', 'O', 'O', 'O', 'O', 'O', 'O', 'O', 'O', 'B-SYM', 'O']"
"['Disclosures', 'The', 'study', 'was', 'supported', 'by', 'grants', 'of', 'novel', 'coronavirus', 'pneumonia', 'emergency', 'science', 'and', 'technology', 'projects', 'from', 'the', 'Science', 'and', 'Technology', 'Department', 'of', 'Hubei', 'Province', ',', 'Wuhan', ',', 'China', ',', 'the', 'National', 'Natural', 'Science', 'Foundation', 'of', 'China', ',', 'and', 'International', '(', 'Regional', ')', 'Cooperation', 'and', 'Exchange', '(', 'ICE', ')', 'Projects', 'of', 'the', 'National', 'Natural', 'Science', 'Foundation', 'of', 'China', '.']","['O', 'O', 'O', 'O', 'O', 'O', 'O', 'O', 'O', 'O', 'O', 'O', 'O', 'O', 'O', 'O', 'O', 'O', 'O', 'O', 'O', 'O', 'O', 'O', 'O', 'O', 'B-LOC', 'O', 'B-LOC', 'O', 'O', 'O', 'O', 'O', 'O', 'O', 'O', 'O', 'O', 'O', 'O', 'O', 'O', 'O', 'O', 'O', 'O', 'O', 'O', 'O', 'O', 'O', 'O', 'O', 'O', 'O', 'O', 'O', 'O']"
"['Primary', 'Source', 'American', 'Journal', 'of', 'Gastroenterology', 'Source', 'Reference', ':', 'Han', 'C', ',', 'et', 'al', '""', 'Digestive', 'Symptoms', 'in', 'COVID-19', 'Patients', 'with', 'Mild', 'Disease', 'Severity', ':', 'Clinical', 'Presentation', ',', 'Stool', 'Viral', 'RNA', 'Testing', ',', 'and', 'Outcomes', '""', 'Am', 'J', 'Gastroenterol', '2020', '.']","['O', 'O', 'O', 'O', 'O', 'O', 'O', 'O', 'O', 'O', 'O', 'O', 'O', 'O', 'O', 'O', 'O', 'O', 'O', 'O', 'O', 'O', 'O', 'O', 'O', 'O', 'O', 'O', 'O', 'O', 'O', 'O', 'O', 'O', 'O', 'O', 'O', 'O', 'O', 'B-LOC', 'O']"
"['Asymptomatic', 'individuals', 'carrying', 'SARS', '-', 'CoV-2', 'shed', 'the', 'virus', 'longer', 'than', 'those', 'with', 'COVID-19', 'symptoms', ',', 'with', 'other', 'lab', 'findings', 'suggesting', 'the', 'symptomatic', 'patients', 'mounted', 'more', 'robust', 'immune', 'responses', ',', 'a', 'small', 'study', 'in', 'China', 'found', '.']","['O', 'O', 'O', 'O', 'O', 'O', 'O', 'O', 'O', 'O', 'O', 'O', 'O', 'O', 'O', 'O', 'O', 'O', 'O', 'O', 'O', 'O', 'O', 'O', 'O', 'O', 'O', 'O', 'O', 'O', 'O', 'O', 'O', 'O', 'B-LOC', 'O', 'O']"
"['For', 'the', 'study', ',', 'they', 'examined', 'data', 'from', '178', 'patients', 'with', 'PCR', '-', 'confirmed', 'SARS', '-', 'CoV-2', 'infection', 'in', 'the', 'Wanzhou', 'District', 'in', 'China', ',', 'including', '37', 'without', 'symptoms', '.']","['O', 'O', 'O', 'O', 'O', 'O', 'O', 'O', 'O', 'O', 'O', 'O', 'O', 'O', 'O', 'O', 'O', 'O', 'O', 'O', 'O', 'O', 'O', 'B-LOC', 'O', 'O', 'O', 'O', 'O', 'O']"
"['She', 'is', 'a', '2020', 'J2', 'Achievement', 'Award', 'winner', 'for', 'her', 'COVID-19', 'coverage', '.']","['O', 'O', 'O', 'B-TIM', 'O', 'O', 'O', 'O', 'O', 'O', 'O', 'O', 'O']"
"['Primary', 'Source', 'Nature', 'Medicine', 'Source', 'Reference', ':', 'Long', 'QX', ',', 'et', 'al', '""', 'Clinical', 'and', 'immunological', 'assessment', 'of', 'asymptomatic', 'SARS', '-', 'CoV-2', 'infections', '""', 'Nat', 'Med', '2020', ';', 'DOI', ':', '10.1038', '/', 's41591', '-', '020', '-', '0965', '-', '6', '.']","['O', 'O', 'O', 'O', 'O', 'O', 'O', 'O', 'O', 'O', 'O', 'O', 'O', 'O', 'O', 'O', 'O', 'O', 'O', 'O', 'O', 'O', 'O', 'O', 'O', 'O', 'B-TIM', 'O', 'O', 'O', 'O', 'O', 'O', 'O', 'O', 'O', 'O', 'O', 'O', 'O']"
"['CBC', 'News', 'has', 'found', 'a', 'number', 'of', 'instances', 'where', 'sick', 'travellers', 'have', 'boarded', 'airplanes', 'back', 'to', 'Canada', ',', 'no', 'matter', 'the', 'risks', 'of', 'spreading', 'infection', '.']","['O', 'O', 'O', 'O', 'O', 'O', 'O', 'O', 'O', 'O', 'O', 'O', 'O', 'O', 'O', 'O', 'B-LOC', 'O', 'O', 'O', 'O', 'O', 'O', 'O', 'O', 'O']"
"['""', 'Now', 'is', 'just', 'the', 'worst', 'time', 'to', 'be', 'coughing', ',', 'sneezing', 'or', 'reporting', 'any', 'kind', 'of', 'symptom', 'at', 'an', 'airport', ',', '""', 'said', 'one', 'university', 'student', 'in', 'Toronto', ',', 'who', 'flew', 'home', 'from', 'Spain', 'on', 'March', '14', '.']","['O', 'O', 'O', 'O', 'O', 'O', 'O', 'O', 'O', 'B-SYM', 'O', 'B-SYM', 'O', 'O', 'O', 'O', 'O', 'O', 'O', 'O', 'O', 'O', 'O', 'O', 'O', 'O', 'O', 'O', 'B-LOC', 'O', 'O', 'O', 'O', 'O', 'B-LOC', 'O', 'B-TIM', 'I-TIM', 'O']"
"['She', 'admitted', 'she', 'purposely', 'hid', 'her', 'symptoms', 'and', 'the', 'fact', 'she', ""'d"", 'been', 'suffering', 'a', 'fever', 'hours', 'before', 'boarding', 'the', 'flight', '.']","['O', 'O', 'O', 'O', 'O', 'O', 'O', 'O', 'O', 'O', 'O', 'O', 'O', 'O', 'O', 'B-SYM', 'O', 'O', 'O', 'O', 'O', 'O']"
"['She', 'said', 'she', 'was', ""n't"", 'sick', 'when', 'she', 'bought', 'her', 'ticket', ',', 'but', 'developed', 'a', 'fever', 'the', 'day', 'before', 'her', 'flight', 'and', 'took', 'precautions', 'to', 'wear', 'a', 'mask', 'and', 'gloves', 'on', 'the', 'plane', 'to', 'prevent', 'the', 'spread', 'of', 'any', 'illness', '.']","['O', 'O', 'O', 'O', 'O', 'O', 'O', 'O', 'O', 'O', 'O', 'O', 'O', 'O', 'O', 'B-SYM', 'O', 'O', 'O', 'O', 'O', 'O', 'O', 'O', 'O', 'O', 'O', 'O', 'O', 'O', 'O', 'O', 'O', 'O', 'O', 'O', 'O', 'O', 'O', 'O', 'O']"
"['""', 'My', 'priority', 'was', 'just', 'being', 'able', 'to', 'get', 'on', 'the', 'first', 'flight', 'back', 'to', 'Canada', '.']","['O', 'O', 'O', 'O', 'O', 'O', 'O', 'O', 'O', 'O', 'O', 'O', 'O', 'O', 'O', 'B-LOC', 'O']"
"['Her', 'case', 'demonstrates', 'just', 'how', 'weak', 'Canada', ""'s"", 'screening', 'of', 'air', 'travellers', 'is', ',', 'given', 'it', 'relies', 'solely', 'on', 'voluntary', 'reporting', 'of', 'symptoms', '.']","['O', 'O', 'O', 'O', 'O', 'O', 'B-LOC', 'O', 'O', 'O', 'O', 'O', 'O', 'O', 'O', 'O', 'O', 'O', 'O', 'O', 'O', 'O', 'O', 'O']"
"['Jane', 'Salhani', 'of', 'Aurora', ',', 'Ont', '.', ',', 'which', 'is', 'north', 'of', 'Toronto', ',', 'flew', 'home', 'from', 'Munich', 'on', 'Sunday', 'aboard', 'an', 'Air', 'Canada', 'flight', 'where', 'an', 'obviously', 'sick', 'traveller', 'had', 'passengers', 'and', 'attendants', 'on', 'edge', '.']","['O', 'O', 'O', 'O', 'O', 'O', 'O', 'O', 'O', 'O', 'O', 'O', 'B-LOC', 'O', 'O', 'O', 'O', 'B-LOC', 'O', 'O', 'O', 'O', 'O', 'O', 'O', 'O', 'O', 'O', 'O', 'O', 'O', 'O', 'O', 'O', 'O', 'O', 'O']"
"['She', 'coughed', 'the', 'entire', 'nine', 'hours', '.']","['O', 'B-SYM', 'O', 'O', 'O', 'O', 'O']"
"['Some', 'travellers', 'who', 'have', 'come', 'through', 'Canadian', 'airports', 'like', 'Toronto', ""'s"", 'Pearson', 'International', 'have', 'observed', 'that', 'COVID-19', 'screening', 'measures', 'are', 'more', 'comprehensive', 'in', 'other', 'countries', '.']","['O', 'O', 'O', 'O', 'O', 'O', 'O', 'O', 'O', 'B-LOC', 'O', 'O', 'O', 'O', 'O', 'O', 'O', 'O', 'O', 'O', 'O', 'O', 'O', 'O', 'O', 'O']"
"['She', 'noted', 'the', 'sick', 'passenger', 'was', 'taken', 'aside', 'and', 'interviewed', 'on', 'arrival', 'at', 'Toronto', ""'s"", 'Pearson', 'Airport', ',', 'as', 'all', 'arriving', 'passengers', 'were', 'handed', 'pamphlets', 'instructing', 'them', 'to', 'self', '-', 'isolate', 'for', '14', 'days', '.']","['O', 'O', 'O', 'O', 'O', 'O', 'O', 'O', 'O', 'O', 'O', 'O', 'O', 'B-LOC', 'O', 'O', 'O', 'O', 'O', 'O', 'O', 'O', 'O', 'O', 'O', 'O', 'O', 'O', 'O', 'O', 'O', 'O', 'O', 'O', 'O']"
"['The', 'World', 'Health', 'Organization', 'issued', 'an', 'advisory', 'in', 'mid', '-', 'February', 'calling', 'on', 'all', 'countries', 'to', 'question', 'all', 'travellers', 'about', 'symptoms', ',', 'and', 'to', 'implement', '""', 'detection', 'of', 'ill', 'travellers', '""', 'at', 'airports', 'and', 'border', 'crossings', 'to', 'stem', 'the', 'COVID-19', 'outbreak', '.']","['O', 'O', 'O', 'O', 'O', 'O', 'O', 'O', 'B-TIM', 'I-TIM', 'I-TIM', 'O', 'O', 'O', 'O', 'O', 'O', 'O', 'O', 'O', 'O', 'O', 'O', 'O', 'O', 'O', 'O', 'O', 'O', 'O', 'O', 'O', 'O', 'O', 'O', 'O', 'O', 'O', 'O', 'O', 'O', 'O']"
"['Canada', ',', 'facing', 'criticism', 'over', 'a', 'lack', 'of', 'screening', 'both', 'at', 'international', 'airports', 'and', 'upon', 'arrival', 'in', 'Canada', ',', 'imposed', 'new', 'orders', 'to', 'all', 'airlines', 'last', 'Wednesday', 'to', 'prevent', 'travellers', 'with', 'COVID-19', 'symptoms', 'from', 'boarding', 'international', 'flights', 'to', 'Canada', '.']","['B-LOC', 'O', 'O', 'O', 'O', 'O', 'O', 'O', 'O', 'O', 'O', 'O', 'O', 'O', 'O', 'O', 'O', 'B-LOC', 'O', 'O', 'O', 'O', 'O', 'O', 'O', 'O', 'O', 'O', 'O', 'O', 'O', 'O', 'O', 'O', 'O', 'O', 'O', 'O', 'B-LOC', 'O']"
"['But', 'the', '""', 'health', 'check', '""', 'imposed', 'by', 'Transport', 'Canada', '—', 'billed', 'as', '""', 'detection', 'of', 'ill', 'travellers', '""', '—', 'is', 'a', 'total', 'honour', 'system', 'that', 'simply', 'requires', 'airline', 'staff', 'to', 'observe', 'boarding', 'passengers', 'and', 'ask', 'them', 'if', 'they', ""'ve"", 'felt', 'ill', 'or', 'have', 'had', 'a', 'fever', '.']","['O', 'O', 'O', 'O', 'O', 'O', 'O', 'O', 'O', 'O', 'O', 'O', 'O', 'O', 'O', 'O', 'O', 'O', 'O', 'O', 'O', 'O', 'O', 'O', 'O', 'O', 'O', 'O', 'O', 'O', 'O', 'O', 'O', 'O', 'O', 'O', 'O', 'O', 'O', 'O', 'O', 'O', 'O', 'O', 'O', 'O', 'B-SYM', 'O']"
"['CBC', 'has', 'spoken', 'to', 'many', 'travellers', 'who', ""'ve"", 'recently', 'returned', 'to', 'Canada', 'who', 'noticed', 'the', 'new', 'questions', 'posed', 'when', 'they', 'boarded', 'their', 'flights', 'home', '.']","['O', 'O', 'O', 'O', 'O', 'O', 'O', 'O', 'O', 'O', 'O', 'B-LOC', 'O', 'O', 'O', 'O', 'O', 'O', 'O', 'O', 'O', 'O', 'O', 'O', 'O']"
"['Eugene', 'Haslam', 'recently', 'returned', 'to', 'Montreal', 'from', 'Paris', '.']","['O', 'O', 'O', 'O', 'O', 'B-LOC', 'O', 'B-LOC', 'O']"
"['Eugene', 'Haslam', ',', 'who', 'flew', 'home', 'to', 'Montreal', 'from', 'Paris', 'on', 'Sunday', 'on', 'Air', 'Transat', ',', 'said', 'the', 'airline', 'had', 'signs', ',', 'overhead', 'announcements', 'and', 'staff', 'asking', 'questions', 'before', 'boarding', '.']","['O', 'O', 'O', 'O', 'O', 'O', 'O', 'B-LOC', 'O', 'B-LOC', 'O', 'O', 'O', 'O', 'O', 'O', 'O', 'O', 'O', 'O', 'O', 'O', 'O', 'O', 'O', 'O', 'O', 'O', 'O', 'O', 'O']"
"['Canada', 'has', 'not', 'yet', 'adopted', 'measures', 'to', 'test', 'arriving', 'passengers', 'for', 'the', 'coronavirus', ',', 'as', 'is', 'being', 'done', 'in', 'at', 'least', 'a', 'dozen', 'countries', 'around', 'the', 'world', '.']","['B-LOC', 'O', 'O', 'O', 'O', 'O', 'O', 'O', 'O', 'O', 'O', 'O', 'O', 'O', 'O', 'O', 'O', 'O', 'O', 'O', 'O', 'O', 'O', 'O', 'O', 'O', 'O', 'O']"
"['Commonly', 'these', 'are', 'temperature', 'checks', 'or', 'thermal', 'screenings', 'to', 'detect', 'passengers', 'with', 'a', 'fever', ',', 'and', 'it', ""'s"", 'being', 'done', 'in', 'countries', 'like', 'the', 'United', 'Arab', 'Emirates', ',', 'South', 'Africa', 'and', 'Indonesia', '.']","['O', 'O', 'O', 'O', 'O', 'O', 'O', 'O', 'O', 'O', 'O', 'O', 'O', 'O', 'O', 'O', 'O', 'O', 'O', 'O', 'O', 'O', 'O', 'O', 'B-LOC', 'I-LOC', 'I-LOC', 'O', 'B-LOC', 'I-LOC', 'O', 'B-LOC', 'O']"
"['A', 'health', 'quarantine', 'officer', 'scans', 'the', 'temperature', 'of', 'students', 'with', 'a', 'thermal', 'scanner', 'upon', 'their', 'arrival', 'at', 'Sultan', 'Mahmud', 'Badaruddin', 'International', 'Airport', 'in', 'Palembang', ',', 'Indonesia', '.']","['O', 'O', 'O', 'O', 'O', 'O', 'O', 'O', 'O', 'O', 'O', 'O', 'O', 'O', 'O', 'O', 'O', 'O', 'O', 'O', 'O', 'O', 'O', 'O', 'O', 'B-LOC', 'O']"
"['A', 'number', 'of', 'Canadians', 'flying', 'home', 'from', 'Mexico', 'this', 'past', 'week', 'report', 'that', 'airport', 'authorities', 'in', 'that', 'country', 'are', 'screening', 'all', 'passengers', 'for', 'fevers', 'using', 'thermal', '-', 'sensing', 'cameras', ',', 'noting', 'Canada', 'has', 'no', 'such', 'technology', 'in', 'place', '.']","['O', 'O', 'O', 'O', 'O', 'O', 'O', 'B-LOC', 'O', 'O', 'O', 'O', 'O', 'O', 'O', 'O', 'O', 'O', 'O', 'O', 'O', 'O', 'O', 'O', 'O', 'O', 'O', 'O', 'O', 'O', 'O', 'B-LOC', 'O', 'O', 'O', 'O', 'O', 'O', 'O']"
"['Signs', 'of', 'stepped', '-', 'up', 'screening', 'at', 'the', 'four', 'Canadian', 'airports', 'that', 'are', 'still', 'receiving', 'international', 'flights', '—', 'in', 'Vancouver', ',', 'Calgary', ',', 'Toronto', 'and', 'Montreal', '—', 'include', 'increased', 'signage', 'and', 'additional', 'Canada', 'Border', 'Services', 'Agency', 'officers', 'asking', 'passengers', 'questions', '.']","['O', 'O', 'O', 'O', 'O', 'O', 'O', 'O', 'O', 'O', 'O', 'O', 'O', 'O', 'O', 'O', 'O', 'O', 'O', 'B-LOC', 'O', 'B-LOC', 'O', 'B-LOC', 'O', 'B-LOC', 'O', 'O', 'O', 'O', 'O', 'O', 'B-LOC', 'O', 'O', 'O', 'O', 'O', 'O', 'O', 'O']"
"['Flight', 'attendants', 'wear', 'masks', 'while', 'travelling', 'through', 'the', 'international', 'departures', 'area', 'at', 'Vancouver', '’s', 'airport', '.']","['O', 'O', 'O', 'O', 'O', 'O', 'O', 'O', 'O', 'O', 'O', 'O', 'B-LOC', 'O', 'O', 'O']"
"['In', 'November', '2020', ',', 'Aaron', 'was', 'in', 'a', 'hospital', 'bed', 'for', 'more', 'than', 'a', 'week', ',', 'requiring', 'oxygen', 'to', 'breathe', ',', 'after', 'contracting', 'COVID', '.']","['O', 'B-TIM', 'I-TIM', 'O', 'O', 'O', 'O', 'O', 'O', 'O', 'O', 'O', 'O', 'O', 'O', 'O', 'O', 'O', 'O', 'O', 'O', 'O', 'O', 'O', 'O']"
"['His', 'hair', 'started', 'falling', 'out', ',', 'he', 'had', 'heart', 'problems', ',', 'and', 'he', 'could', ""n't"", 'walk', 'or', 'stand', 'for', 'a', 'month', '.']","['O', 'B-SYM', 'I-SYM', 'I-SYM', 'I-SYM', 'O', 'O', 'O', 'B-SYM', 'I-SYM', 'O', 'O', 'O', 'O', 'O', 'O', 'O', 'O', 'O', 'O', 'O', 'O']"
"['A', 'recent', 'U.K.', 'study', 'found', 'that', 'COVID', 'still', 'affects', 'one', 'in', 'seven', 'kids', 'months', 'after', 'infection', '.']","['O', 'O', 'B-LOC', 'O', 'O', 'O', 'O', 'O', 'O', 'O', 'O', 'O', 'O', 'O', 'O', 'O', 'O']"
"['When', 'asked', 'to', 'describe', 'long', '-', 'hauler', 'symptoms', ',', 'Clouser', 'said', ',', '""', 'In', 'children', ',', 'we', 'tend', 'to', 'see', 'that', 'they', 'have', 'persistent', 'fatigue', '.']","['O', 'O', 'O', 'O', 'O', 'O', 'O', 'O', 'O', 'O', 'O', 'O', 'O', 'O', 'O', 'O', 'O', 'O', 'O', 'O', 'O', 'O', 'O', 'B-SYM', 'I-SYM', 'O']"
"['Some', 'kids', 'are', 'having', 'persistent', 'headaches', ',', 'and', 'a', 'lot', 'of', 'kids', 'are', 'having', 'anxiety', 'symptoms', 'that', 'maybe', 'they', 'did', ""n't"", 'have', 'before', '.']","['O', 'O', 'O', 'O', 'O', 'O', 'O', 'O', 'O', 'O', 'O', 'O', 'O', 'O', 'B-SYM', 'O', 'O', 'O', 'O', 'O', 'O', 'O', 'O', 'O']"
"['But', 'Aaron', 'Estrada', 'had', 'no', 'known', 'pre', '-', 'existing', 'conditions', '–', 'nor', 'did', '14', '-', 'year', '-', 'old', 'Madison', 'Foor', 'from', 'Michigan', '.']","['O', 'O', 'O', 'O', 'O', 'O', 'O', 'O', 'O', 'O', 'O', 'O', 'O', 'O', 'O', 'O', 'O', 'O', 'O', 'O', 'O', 'B-LOC', 'O']"
"['She', 'was', 'healthy', 'and', 'thriving', 'before', 'she', 'got', 'COVID', 'in', 'January', '.']","['O', 'O', 'O', 'O', 'O', 'O', 'O', 'O', 'O', 'O', 'B-TIM', 'O']"
"['The', 'CDC', 'estimates', ',', 'so', 'far', ',', 'about', '900,000', 'children', 'in', 'the', 'U.S.', 'between', 'ages', 'five', 'and', '11', 'have', 'received', 'their', 'first', 'dose', 'of', 'the', 'COVID', 'vaccine', '.']","['O', 'O', 'O', 'O', 'O', 'O', 'O', 'O', 'O', 'O', 'O', 'O', 'B-LOC', 'O', 'O', 'O', 'O', 'O', 'O', 'O', 'O', 'O', 'O', 'O', 'O', 'O', 'O', 'O']"
"['Researchers', 'from', 'King', ""'s"", 'College', 'London', 'studied', 'data', 'from', 'approximately', '1,600', 'U.K.', 'and', 'U.S.', 'patients', 'who', 'regularly', 'logged', 'their', 'symptoms', 'in', 'the', 'COVID', 'Symptom', 'Tracker', 'App', 'in', 'March', 'and', 'April', '.']","['O', 'O', 'O', 'O', 'O', 'O', 'O', 'O', 'O', 'O', 'O', 'B-LOC', 'O', 'B-LOC', 'I-LOC', 'O', 'O', 'O', 'O', 'O', 'O', 'O', 'O', 'O', 'O', 'O', 'O', 'B-TIM', 'O', 'B-TIM', 'O']"
"['Typically', ',', 'doctors', 'will', 'look', 'for', 'key', 'symptoms', 'such', 'as', 'cough', ',', 'fever', 'and', 'loss', 'of', 'the', 'sense', 'of', 'smell', 'to', 'detect', 'COVID-19', '.']","['O', 'O', 'O', 'O', 'O', 'O', 'O', 'O', 'O', 'O', 'B-SYM', 'O', 'B-SYM', 'O', 'B-SYM', 'I-SYM', 'I-SYM', 'I-SYM', 'I-SYM', 'I-SYM', 'O', 'O', 'O', 'O']"
"['""', 'Among', 'the', 'patients', 'I', 'see', ',', 'those', 'who', 'recovered', ',', 'many', 'of', 'them', 'present', 'different', 'ways', ':', 'some', 'people', 'with', 'fever', 'and', 'some', 'without', 'fever', ',', 'and', 'some', 'with', 'nausea', 'and', 'vomiting', ',', 'some', 'people', 'with', 'diarrhea', ',', 'etc', '.', '""']","['O', 'O', 'O', 'O', 'O', 'O', 'O', 'O', 'O', 'O', 'O', 'O', 'O', 'O', 'O', 'O', 'O', 'O', 'O', 'O', 'O', 'B-SYM', 'O', 'O', 'O', 'B-SYM', 'O', 'O', 'O', 'O', 'B-SYM', 'O', 'B-SYM', 'O', 'O', 'O', 'O', 'B-SYM', 'O', 'O', 'O', 'O']"
"['Flu', '-', 'like', 'with', 'no', 'fever', ':', 'Headache', ',', 'loss', 'of', 'smell', ',', 'muscle', 'pains', ',', 'cough', ',', 'sore', 'throat', ',', 'chest', 'pain', ',', 'no', 'fever', '.']","['O', 'O', 'O', 'O', 'B-SYM', 'I-SYM', 'O', 'B-SYM', 'O', 'B-SYM', 'I-SYM', 'I-SYM', 'O', 'B-SYM', 'I-SYM', 'O', 'B-SYM', 'O', 'B-SYM', 'I-SYM', 'O', 'B-SYM', 'I-SYM', 'O', 'O', 'B-SYM', 'O']"
"['Flu', '-', 'like', 'with', 'fever', ':', 'Headache', ',', 'loss', 'of', 'smell', ',', 'cough', ',', 'sore', 'throat', ',', 'hoarseness', ',', 'fever', ',', 'loss', 'of', 'appetite', '.']","['O', 'O', 'O', 'O', 'B-SYM', 'O', 'B-SYM', 'O', 'B-SYM', 'I-SYM', 'I-SYM', 'O', 'B-SYM', 'O', 'B-SYM', 'I-SYM', 'O', 'B-SYM', 'O', 'B-SYM', 'O', 'B-SYM', 'I-SYM', 'I-SYM', 'O']"
"['Gastrointestinal', ':', 'Headache', ',', 'loss', 'of', 'smell', ',', 'loss', 'of', 'appetite', ',', 'diarrhea', ',', 'sore', 'throat', ',', 'chest', 'pain', ',', 'no', 'cough', '.']","['O', 'O', 'B-SYM', 'O', 'B-SYM', 'I-SYM', 'I-SYM', 'O', 'B-SYM', 'I-SYM', 'I-SYM', 'O', 'B-SYM', 'O', 'B-SYM', 'I-SYM', 'O', 'B-SYM', 'I-SYM', 'O', 'B-SYM', 'I-SYM', 'O']"
"['Severe', 'level', 'one', ',', 'fatigue', ':', 'Headache', ',', 'loss', 'of', 'smell', ',', 'cough', ',', 'fever', ',', 'hoarseness', ',', 'chest', 'pain', ',', 'fatigue', '.']","['O', 'O', 'O', 'O', 'B-SYM', 'O', 'B-SYM', 'O', 'B-SYM', 'I-SYM', 'I-SYM', 'O', 'B-SYM', 'O', 'B-SYM', 'O', 'B-SYM', 'O', 'B-SYM', 'I-SYM', 'O', 'B-SYM', 'O']"
"['Severe', 'level', 'two', ',', 'confusion', ':', 'Headache', ',', 'loss', 'of', 'smell', ',', 'loss', 'of', 'appetite', ',', 'cough', ',', 'fever', ',', 'hoarseness', ',', 'sore', 'throat', ',', 'chest', 'pain', ',', 'fatigue', ',', 'confusion', ',', 'muscle', 'pain', '.']","['O', 'O', 'O', 'O', 'O', 'O', 'B-SYM', 'O', 'B-SYM', 'I-SYM', 'I-SYM', 'O', 'B-SYM', 'I-SYM', 'I-SYM', 'O', 'B-SYM', 'O', 'B-SYM', 'O', 'B-SYM', 'O', 'B-SYM', 'I-SYM', 'O', 'B-SYM', 'I-SYM', 'O', 'B-SYM', 'O', 'B-SYM', 'O', 'B-SYM', 'I-SYM', 'O']"
"['Severe', 'level', 'three', ',', 'abdominal', 'and', 'respiratory', ':', 'Headache', ',', 'loss', 'of', 'smell', ',', 'loss', 'of', 'appetite', ',', 'cough', ',', 'fever', ',', 'hoarseness', ',', 'sore', 'throat', ',', 'chest', 'pain', ',', 'fatigue', ',', 'confusion', ',', 'muscle', 'pain', ',', 'shortness', 'of', 'breath', ',', 'diarrhea', ',', 'abdominal', 'pain', '.']","['O', 'O', 'O', 'O', 'O', 'O', 'O', 'O', 'B-SYM', 'O', 'B-SYM', 'I-SYM', 'I-SYM', 'O', 'B-SYM', 'I-SYM', 'I-SYM', 'O', 'B-SYM', 'O', 'B-SYM', 'O', 'B-SYM', 'O', 'B-SYM', 'I-SYM', 'O', 'B-SYM', 'I-SYM', 'O', 'B-SYM', 'O', 'B-SYM', 'O', 'B-SYM', 'I-SYM', 'O', 'B-SYM', 'I-SYM', 'I-SYM', 'O', 'B-SYM', 'O', 'B-SYM', 'I-SYM', 'O']"
"['The', 'first', 'level', ',', '""', 'flu', '-', 'like', 'with', 'no', 'fever', ',', '""', 'is', 'associated', 'with', 'headaches', ',', 'loss', 'of', 'smell', ',', 'muscle', 'pains', ',', 'cough', ',', 'sore', 'throat', 'and', 'chest', 'pain', '.']","['O', 'O', 'O', 'O', 'O', 'O', 'O', 'O', 'O', 'O', 'B-SYM', 'O', 'O', 'O', 'O', 'O', 'B-SYM', 'I-SYM', 'B-SYM', 'I-SYM', 'I-SYM', 'O', 'B-SYM', 'I-SYM', 'O', 'B-SYM', 'O', 'B-SYM', 'I-SYM', 'O', 'B-SYM', 'I-SYM', 'O']"
"['The', 'second', 'type', ',', '""', 'flu', '-', 'like', 'with', 'fever', ',', '""', 'includes', 'symptoms', 'like', 'loss', 'of', 'appetite', ',', 'headache', ',', 'loss', 'of', 'smell', ',', 'cough', ',', 'sore', 'throat', ',', 'hoarseness', 'and', 'fever', '.']","['O', 'O', 'O', 'O', 'O', 'O', 'O', 'O', 'O', 'B-SYM', 'O', 'O', 'O', 'O', 'O', 'B-SYM', 'I-SYM', 'I-SYM', 'O', 'B-SYM', 'O', 'B-SYM', 'I-SYM', 'I-SYM', 'O', 'B-SYM', 'O', 'B-SYM', 'I-SYM', 'O', 'B-SYM', 'O', 'B-SYM', 'O']"
"['Patients', 'with', 'the', 'third', 'type', ',', 'simply', 'described', 'as', '""', 'gastrointestinal', ',', '""', 'do', 'not', 'have', 'a', 'cough', 'as', 'part', 'of', 'their', 'illness', '.']","['O', 'O', 'O', 'O', 'O', 'O', 'O', 'O', 'O', 'O', 'O', 'O', 'O', 'O', 'O', 'O', 'O', 'B-SYM', 'O', 'O', 'O', 'O', 'O', 'O']"
"['Instead', ',', 'they', 'experience', 'headache', ',', 'diarrhea', ',', 'loss', 'of', 'smell', ',', 'loss', 'of', 'appetite', ',', 'sore', 'throat', 'and', 'chest', 'pain', ',', 'and', 'about', '3.3', '%', 'needed', 'breathing', 'support', '.']","['O', 'O', 'O', 'O', 'B-SYM', 'O', 'B-SYM', 'O', 'B-SYM', 'I-SYM', 'I-SYM', 'O', 'B-SYM', 'I-SYM', 'I-SYM', 'O', 'B-SYM', 'I-SYM', 'O', 'B-SYM', 'I-SYM', 'O', 'O', 'O', 'O', 'O', 'O', 'O', 'O', 'O']"
"['In', 'type', 'four', ',', 'or', '""', 'severe', 'level', 'one', ',', '""', 'patients', 'experience', 'fatigue', 'along', 'with', 'headache', ',', 'loss', 'of', 'smell', ',', 'cough', ',', 'fever', ',', 'hoarseness', 'and', 'chest', 'pain', '.']","['O', 'O', 'O', 'O', 'O', 'O', 'O', 'O', 'O', 'O', 'O', 'O', 'O', 'O', 'O', 'O', 'B-SYM', 'I-SYM', 'B-SYM', 'I-SYM', 'I-SYM', 'O', 'B-SYM', 'O', 'B-SYM', 'O', 'B-SYM', 'O', 'B-SYM', 'I-SYM', 'O']"
"['Type', 'five', ',', '""', 'severe', 'level', 'two', ',', '""', 'includes', 'the', 'symptoms', 'of', 'type', 'four', 'along', 'with', 'loss', 'of', 'appetite', ',', 'sore', 'throat', 'and', 'muscle', 'pain', ',', 'and', 'is', 'mainly', 'distinguished', 'by', 'confusion', '.']","['O', 'O', 'O', 'O', 'O', 'O', 'O', 'O', 'O', 'O', 'O', 'O', 'O', 'O', 'O', 'O', 'O', 'B-SYM', 'I-SYM', 'I-SYM', 'O', 'B-SYM', 'I-SYM', 'O', 'B-SYM', 'I-SYM', 'O', 'O', 'O', 'O', 'O', 'O', 'O', 'O']"
"['The', 'most', 'severe', 'type', 'of', 'COVID-19', 'is', 'referred', 'to', 'as', '""', 'severe', 'level', 'three', ',', 'abdominal', 'and', 'respiratory', ',', '""', 'and', 'has', 'all', 'the', 'above', 'symptoms', 'along', 'with', 'abdominal', 'pain', ',', 'shortness', 'of', 'breath', 'and', 'diarrhea', '.']","['O', 'O', 'O', 'O', 'O', 'O', 'O', 'O', 'O', 'O', 'O', 'O', 'O', 'O', 'O', 'O', 'O', 'O', 'O', 'O', 'O', 'O', 'O', 'O', 'O', 'O', 'O', 'O', 'B-SYM', 'I-SYM', 'O', 'B-SYM', 'I-SYM', 'I-SYM', 'O', 'B-SYM', 'I-SYM']"
"['The', 'U.K.', 'researchers', 'also', 'found', 'that', 'only', '16', '%', 'of', 'patients', 'with', 'type', 'one', 'COVID-19', 'required', 'hospitalization', ',', 'compared', 'with', 'nearly', 'half', 'of', 'the', 'patients', 'with', 'type', 'six', '.']","['O', 'B-LOC', 'O', 'O', 'O', 'O', 'O', 'O', 'O', 'O', 'O', 'O', 'O', 'O', 'O', 'O', 'O', 'O', 'O', 'O', 'O', 'O', 'O', 'O', 'O', 'O', 'O', 'O', 'O']"
"['Rachael', 'Evans', ',', 'a', 'clinical', 'scientist', 'at', 'the', 'UK', '’s', 'National', 'Institute', 'for', 'Health', 'Research', ',', 'said', 'the', 'post', '-', 'hospital', 'admission', 'Covid-19', 'study', 'helped', 'sort', 'sufferers', 'into', 'subgroups', 'and', 'steered', 'work', 'to', 'discover', 'new', 'drugs', '.']","['O', 'O', 'O', 'O', 'O', 'O', 'O', 'O', 'B-LOC', 'O', 'O', 'O', 'O', 'O', 'O', 'O', 'O', 'O', 'O', 'O', 'O', 'O', 'O', 'O', 'O', 'O', 'O', 'O', 'O', 'O', 'O', 'O', 'O', 'O', 'O', 'O', 'O']"
"['While', 'patients', 'suffer', 'a', 'range', 'of', 'symptoms', ',', 'the', 'most', 'commonly', 'reported', 'are', 'fatigue', 'and', 'breathing', 'problems', '.']","['O', 'O', 'O', 'O', 'O', 'O', 'O', 'O', 'O', 'O', 'O', 'O', 'B-SYM', 'I-SYM', 'O', 'B-SYM', 'I-SYM', 'O']"
"['Some', 'also', 'experience', 'damage', 'to', 'their', 'organs', 'and', 'in', 'the', 'PHOSP', 'study', ',', 'one', 'in', '10', 'had', 'clinically', 'relevant', 'cognitive', 'impairment', ',', 'often', 'called', '“', 'brain', 'fog', '”', '.']","['O', 'O', 'O', 'B-SYM', 'I-SYM', 'I-SYM', 'I-SYM', 'O', 'O', 'O', 'O', 'O', 'O', 'O', 'O', 'O', 'O', 'O', 'O', 'O', 'O', 'O', 'O', 'O', 'B-SYM', 'I-SYM', 'I-SYM', 'O', 'O']"
"['Margaret', 'O’Hara', ',', 'a', 'trustee', 'at', 'patient', 'group', 'Long', 'Covid', 'Support', ',', 'fell', 'sick', 'with', 'Covid-19', 'in', 'April', '2020', ',', 'after', 'assisting', 'on', 'a', 'critical', 'care', 'coronavirus', 'ward', '.']","['O', 'O', 'O', 'O', 'O', 'O', 'O', 'O', 'O', 'O', 'O', 'O', 'O', 'O', 'O', 'O', 'O', 'B-TIM', 'I-TIM', 'O', 'O', 'O', 'O', 'O', 'O', 'O', 'O', 'O', 'O']"
"['She', 'experienced', 'long', 'Covid', 'for', 'a', 'year', '—', 'and', 'then', ',', 'after', 'contracting', 'the', 'disease', 'in', 'October', '2021', ',', 'is', 'suffering', 'again', '.']","['O', 'O', 'O', 'O', 'O', 'O', 'O', 'O', 'O', 'O', 'O', 'O', 'O', 'O', 'O', 'O', 'B-TIM', 'I-TIM', 'O', 'O', 'O', 'O', 'O']"
"['“', 'Just', 'fatigue', 'does', 'n’t', 'really', 'begin', 'to', 'describe', 'the', 'intensity', ',', '”', 'she', 'said', '.']","['O', 'O', 'B-SYM', 'O', 'O', 'O', 'O', 'O', 'O', 'O', 'O', 'O', 'O', 'O', 'O', 'O']"
"['It', 'is', 'not', 'clear', 'the', 'degree', 'to', 'which', 'vaccination', 'helps', 'prevent', 'long', 'Covid', '—', 'other', 'than', 'reducing', 'the', 'likelihood', 'of', 'developing', 'acute', 'Covid-19', '—', 'but', 'self', '-', 'reported', 'data', 'from', 'the', 'UK', '’s', 'Zoe', 'symptom', 'tracking', 'app', 'suggest', 'it', 'halves', 'the', 'risk', '.']","['O', 'O', 'O', 'O', 'O', 'O', 'O', 'O', 'O', 'O', 'O', 'O', 'O', 'O', 'O', 'O', 'O', 'O', 'O', 'O', 'O', 'O', 'O', 'O', 'O', 'O', 'O', 'O', 'O', 'O', 'O', 'B-LOC', 'O', 'O', 'O', 'O', 'O', 'O', 'O', 'O', 'O', 'O', 'O']"
"['Researchers', 'discovered', 'that', 'the', 'people', 'with', 'the', 'most', 'severe', 'long', 'Covid', ',', 'and', 'those', 'experiencing', 'brain', 'fog', ',', 'had', 'the', 'highest', 'levels', 'of', 'inflammation', '.']","['O', 'O', 'O', 'O', 'O', 'O', 'O', 'O', 'O', 'O', 'O', 'O', 'O', 'O', 'O', 'B-SYM', 'I-SYM', 'O', 'O', 'O', 'O', 'O', 'O', 'B-SYM', 'O']"
"['The', 'UK', '’s', 'NHS', 'and', 'large', 'US', 'health', 'systems', 'have', 'established', 'long', 'Covid', 'clinics', ',', 'which', 'often', 'offer', 'physiotherapy', 'and', 'mental', 'health', 'support', ',', 'but', 'so', 'far', 'have', 'not', 'had', 'many', 'pharmaceutical', 'options', '.']","['O', 'B-LOC', 'O', 'O', 'O', 'O', 'B-LOC', 'O', 'O', 'O', 'O', 'O', 'O', 'O', 'O', 'O', 'O', 'O', 'O', 'O', 'O', 'O', 'O', 'O', 'O', 'O', 'O', 'O', 'O', 'O', 'O', 'O', 'O', 'O']"
"['Bill', 'Hinshaw', ',', 'chief', 'executive', 'of', 'Boston', '-', 'based', 'biotech', 'Axcella', 'Therapeutics', ',', 'said', 'there', 'were', 'few', 'products', 'in', 'the', 'pipeline', 'for', 'long', 'Covid', '—', 'and', 'even', 'fewer', 'targeting', 'muscle', 'fatigue', 'and', 'weakness', '.']","['O', 'O', 'O', 'O', 'O', 'O', 'O', 'O', 'O', 'O', 'O', 'O', 'O', 'O', 'O', 'O', 'O', 'O', 'O', 'O', 'O', 'O', 'O', 'O', 'O', 'O', 'O', 'O', 'O', 'B-SYM', 'I-SYM', 'I-SYM', 'I-SYM', 'O']"
"['Axcella', 'and', 'Oxford', 'university', 'are', 'developing', 'a', 'drug', 'to', 'reduce', 'inflammation', 'and', 'restore', 'mitochondrial', 'function', '.']","['O', 'O', 'O', 'O', 'O', 'O', 'O', 'O', 'O', 'O', 'B-SYM', 'O', 'O', 'O', 'O', 'O']"
"['For', 'example', ',', 'digital', 'therapeutics', 'pioneer', 'Akili', 'Interactive', 'is', 'creating', 'a', 'game', 'for', 'people', 'suffering', 'from', 'brain', 'fog', '.']","['O', 'O', 'O', 'O', 'O', 'O', 'O', 'O', 'O', 'O', 'O', 'O', 'O', 'O', 'O', 'O', 'B-SYM', 'I-SYM', 'O']"
"['World', 'Health', 'Organisation', '(', 'WHO', ')', 'has', 'recently', 'notified', 'that', 'over', '500', 'Omicron', 'variants', 'are', 'currently', 'circulating', 'worldwide', 'and', 'owing', 'to', 'that', ',', 'India', 'is', 'likely', 'to', 'see', 'a', 'Covid', 'wave', 'in', 'the', 'coming', 'days', '.']","['O', 'O', 'O', 'O', 'O', 'O', 'O', 'O', 'O', 'O', 'O', 'O', 'O', 'O', 'O', 'O', 'O', 'O', 'O', 'O', 'O', 'O', 'O', 'B-LOC', 'O', 'O', 'O', 'O', 'O', 'O', 'O', 'O', 'O', 'O', 'O', 'O']"
"['The', 'Union', 'Health', 'ministry', 'in', 'India', 'had', 'in', 'December', 'alerted', 'that', 'the', 'coming', '40', 'days', 'would', 'be', 'crucial', ',', 'even', 'as', 'it', 'tightened', 'its', 'grip', 'on', 'Covid', 'testing', 'of', 'inbound', 'passengers', 'from', 'China', ',', 'Singapore', ',', 'Hong', 'Kong', ',', 'Republic', 'of', 'Korea', ',', 'Thailand', 'and', 'Japan', '.']","['O', 'O', 'O', 'O', 'O', 'B-LOC', 'O', 'O', 'B-TIM', 'O', 'O', 'O', 'O', 'O', 'O', 'O', 'O', 'O', 'O', 'O', 'O', 'O', 'O', 'O', 'O', 'O', 'O', 'O', 'O', 'O', 'O', 'O', 'B-LOC', 'O', 'B-LOC', 'O', 'B-LOC', 'I-LOC', 'O', 'B-LOC', 'I-LOC', 'I-LOC', 'O', 'B-LOC', 'O', 'B-LOC', 'O']"
"['Meanwhile', ',', 'India', 'on', 'Wednesday', 'recorded', '175', 'fresh', 'Covid-19', 'cases', ',', 'taking', 'the', 'active', 'tally', 'to', '2,570', '.']","['O', 'O', 'B-LOC', 'O', 'O', 'O', 'O', 'O', 'O', 'O', 'O', 'O', 'O', 'O', 'O', 'O', 'O', 'O']"
"['Recently', ',', 'four', 'cases', 'of', 'the', 'BF.7', 'variant', ',', 'which', 'is', 'behind', 'China', ""'s"", 'recent', 'infection', 'surge', ',', 'has', 'been', 'reported', 'from', 'India', '.']","['O', 'O', 'O', 'O', 'O', 'O', 'O', 'O', 'O', 'O', 'O', 'O', 'B-LOC', 'O', 'O', 'O', 'O', 'O', 'O', 'O', 'O', 'O', 'B-LOC', 'O']"
"['Winters', 'in', 'India', 'also', 'increases', 'the', 'risk', 'of', 'common', 'cold', ',', 'flu', 'and', 'Respiratory', 'Syncytial', 'Virus', '(', 'RSV', ')', 'Infection', '.']","['O', 'O', 'B-LOC', 'O', 'O', 'O', 'O', 'O', 'O', 'O', 'O', 'O', 'O', 'O', 'O', 'O', 'O', 'O', 'O', 'O', 'O']"
"['Loss', 'of', 'taste', 'and', 'smell', 'is', 'has', 'been', 'observed', 'to', 'be', 'a', 'common', 'symptoms', 'during', 'respiratory', 'illness', '.']","['B-SYM', 'I-SYM', 'I-SYM', 'I-SYM', 'I-SYM', 'O', 'O', 'O', 'O', 'O', 'O', 'O', 'O', 'O', 'O', 'O', 'O', 'O']"
['-Cough'],['B-SYM']
['-Sneezing'],['B-SYM']
"['-Difficulty', 'in', 'breathing']","['B-SYM', 'I-SYM', 'I-SYM']"
['-Fever'],['B-SYM']
['-Headache'],['B-SYM']
"['-Muscle', 'pain']","['B-SYM', 'I-SYM']"
['-Cough'],['B-SYM']
['-Fatigue'],['B-SYM']
['-Fever'],['B-SYM']
['-Headache'],['B-SYM']
"['-Muscle', 'pain']","['B-SYM', 'I-SYM']"
['-Cough'],['B-SYM']
['-Fever'],['B-SYM']
['-Headache'],['B-SYM']
"['Covid-19', 'cases', 'have', 'spiked', 'so', 'much', 'recently', 'that', 'Boris', 'Johnson', 'ordered', 'a', 'series', 'of', 'measures', 'in', 'an', 'address', 'on', 'Tuesday', 'evening', 'in', 'a', 'bid', 'to', 'keep', 'the', 'virus', 'under', 'control', 'and', 'avoid', 'a', 'second', 'full', 'lockdown', 'in', 'the', 'UK', '.']","['O', 'O', 'O', 'O', 'O', 'O', 'O', 'O', 'O', 'O', 'O', 'O', 'O', 'O', 'O', 'O', 'O', 'O', 'O', 'O', 'O', 'O', 'O', 'O', 'O', 'O', 'O', 'O', 'O', 'O', 'O', 'O', 'O', 'O', 'O', 'O', 'O', 'O', 'B-LOC', 'O']"
"['4,926', 'people', 'tested', 'positive', 'for', 'Coronavirus', 'in', 'the', 'UK', 'up', 'to', '4', 'pm', 'on', 'Tuesday', ',', 'and', 'there', 'were', '37', 'deaths', '.']","['O', 'O', 'O', 'O', 'O', 'O', 'O', 'O', 'B-LOC', 'O', 'O', 'O', 'O', 'O', 'O', 'O', 'O', 'O', 'O', 'O', 'O', 'O']"
"['Altogether', 'in', 'the', 'UK', ',', '41,825', 'people', 'have', 'now', 'died', 'within', '28', 'days', 'of', 'a', 'test', ',', 'and', '403,551', 'have', 'tested', 'positive', '.']","['O', 'O', 'O', 'B-LOC', 'O', 'O', 'O', 'O', 'O', 'O', 'O', 'O', 'O', 'O', 'O', 'O', 'O', 'O', 'O', 'O', 'O', 'O', 'O']"
"['King', ""'s"", 'College', 'London', 'experts', 'and', 'the', 'British', 'Association', 'of', 'Dermatologists', 'have', 'compiled', '400', 'photos', 'and', 'information', 'on', 'eight', 'different', 'types', 'of', 'rashes', '.']","['O', 'O', 'O', 'O', 'O', 'O', 'O', 'O', 'O', 'O', 'O', 'O', 'O', 'O', 'O', 'O', 'O', 'O', 'O', 'O', 'O', 'O', 'B-SYM', 'O']"
"['The', 'skin', 'rashes', 'appear', 'to', 'be', 'linked', 'to', 'coronavirus', ',', 'according', 'to', 'the', 'leading', 'medical', 'research', '.']","['O', 'B-SYM', 'I-SYM', 'O', 'O', 'O', 'O', 'O', 'O', 'O', 'O', 'O', 'O', 'O', 'O', 'O', 'O']"
"['hive', '-', 'type', 'rash', '(', 'urticaria', ')', '(', 'itchy', 'raised', 'bumps', 'over', 'any', 'part', 'of', 'the', 'body', ')']","['B-SYM', 'I-SYM', 'I-SYM', 'I-SYM', 'O', 'O', 'O', 'O', 'O', 'O', 'O', 'O', 'O', 'O', 'O', 'O', 'O', 'O']"
"['(', 'itchy', 'raised', 'bumps', 'over', 'any', 'part', 'of', 'the', 'body', ')', ""'"", 'prickly', 'heat', ""'"", 'or', 'chickenpox', '-', 'type', 'rash', '(', 'usually', 'on', 'the', 'elbows', 'and', 'knees', ',', 'as', 'well', 'as', 'backs', 'of', 'hands', 'and', 'feet', ')']","['O', 'O', 'O', 'O', 'O', 'O', 'O', 'O', 'O', 'O', 'O', 'O', 'O', 'O', 'O', 'O', 'B-SYM', 'I-SYM', 'I-SYM', 'I-SYM', 'O', 'O', 'O', 'O', 'O', 'O', 'O', 'O', 'O', 'O', 'O', 'O', 'O', 'O', 'O', 'O', 'O']"
"[""'"", 'Covid', 'toe', ""'"", '(', 'reddish', 'or', 'purplish', 'bumps', 'on', 'the', 'fingers', 'or', 'toes', 'which', 'can', 'be', 'very', 'sore', ')']","['B-SYM', 'I-SYM', 'I-SYM', 'O', 'O', 'O', 'O', 'O', 'O', 'O', 'O', 'O', 'O', 'O', 'O', 'O', 'O', 'O', 'O', 'O']"
"['(', 'reddish', 'or', 'purplish', 'bumps', 'on', 'the', 'fingers', 'or', 'toes', 'which', 'can', 'be', 'very', 'sore', ')', 'Pityriasis', 'rosea', '(', 'a', 'relatively', 'common', 'skin', 'condition', 'that', 'causes', 'a', 'temporary', 'rash', 'of', 'raised', 'red', 'scaly', 'patches', 'on', 'the', 'body', '.']","['O', 'O', 'O', 'O', 'O', 'O', 'O', 'O', 'O', 'O', 'O', 'O', 'O', 'O', 'O', 'O', 'O', 'O', 'O', 'O', 'O', 'O', 'B-SYM', 'I-SYM', 'O', 'O', 'O', 'O', 'O', 'O', 'O', 'O', 'O', 'O', 'O', 'O', 'O', 'O']"
"['a', 'relatively', 'common', 'skin', 'condition', 'that', 'causes', 'a', 'temporary', 'rash', 'of', 'raised', 'red', 'scaly', 'patches', 'on', 'the', 'body', '.']","['O', 'O', 'O', 'B-SYM', 'I-SYM', 'O', 'O', 'O', 'O', 'O', 'O', 'O', 'O', 'O', 'O', 'O', 'O', 'O', 'O']"
"['Pink', 'eye', ',', 'or', 'conjunctivitis', ',', 'was', 'not', 'originally', 'associated', 'with', 'the', 'coronavirus', 'until', 'recently', 'when', 'a', 'new', 'strain', 'of', 'the', 'omicron', 'variant', 'emerged', '.']","['B-SYM', 'I-SYM', 'O', 'O', 'B-SYM', 'O', 'O', 'O', 'O', 'O', 'O', 'O', 'O', 'O', 'O', 'O', 'O', 'O', 'O', 'O', 'O', 'O', 'O', 'O', 'O']"
"['Red', 'eyes', 'new', 'symptom', 'of', 'COVID-19', 'Arcturus', ':', 'Jakarta', 'Health', 'Office']","['B-SYM', 'I-SYM', 'O', 'O', 'O', 'O', 'O', 'O', 'O', 'O', 'O']"
"['Jakarta', '(', 'ANTARA', ')', '-']","['B-LOC', 'B-LOC', 'I-LOC', 'O', 'O']"
"['The', 'Jakarta', 'Health', 'Office', 'noted', 'that', 'red', 'eyes', 'is', 'one', 'of', 'the', 'new', 'symptoms', 'found', 'in', 'COVID-19', 'patients', 'infected', 'with', 'the', 'XBB.1.16', 'or', 'Arcturus', 'subvariant', '.']","['O', 'O', 'O', 'O', 'O', 'O', 'B-SYM', 'I-SYM', 'O', 'O', 'O', 'O', 'O', 'O', 'O', 'O', 'O', 'O', 'O', 'O', 'O', 'O', 'O', 'O', 'O', 'O']"
"['""', 'Based', 'on', 'data', 'in', 'India', ',', 'the', 'Arcturus', 'subvariant', ',', 'which', 'is', 'still', 'a', 'derivative', 'of', 'Omicron', ',', 'is', 'said', 'to', 'have', 'a', 'new', 'symptom', 'that', 'is', 'different', 'from', 'other', 'variants', ',', 'namely', 'red', 'eyes', ',', '""', 'the', 'office', ""'s"", 'Head', 'of', 'Surveillance', 'and', 'Immunization', 'Section', ',', 'Ngabila', 'Salama', ',', 'stated', 'through', 'a', 'text', 'message', 'here', 'on', 'Saturday', '.']","['O', 'O', 'O', 'O', 'O', 'B-LOC', 'O', 'O', 'O', 'O', 'O', 'O', 'O', 'O', 'O', 'O', 'O', 'O', 'O', 'O', 'O', 'O', 'O', 'O', 'O', 'O', 'O', 'O', 'O', 'O', 'O', 'O', 'O', 'O', 'B-SYM', 'I-SYM', 'O', 'O', 'O', 'O', 'O', 'O', 'O', 'O', 'O', 'O', 'O', 'O', 'O', 'O', 'O', 'O', 'O', 'O', 'O', 'O', 'O', 'O', 'O', 'O']"
"['Regarding', 'the', 'previous', 'finding', 'of', 'two', 'Arcturus', 'patients', 'in', 'Jakarta', ',', 'the', 'duo', 'did', 'not', 'exhibit', 'the', 'symptom', 'of', 'red', 'eyes', '.']","['O', 'O', 'O', 'O', 'O', 'O', 'O', 'O', 'O', 'B-LOC', 'O', 'O', 'O', 'O', 'O', 'O', 'O', 'O', 'O', 'B-SYM', 'I-SYM', 'O']"
"['However', ',', 'several', 'COVID-19', 'patients', 'with', 'the', 'symptom', 'of', 'red', 'eyes', 'had', 'received', 'treatment', 'in', 'hospitals', '.']","['O', 'O', 'O', 'O', 'O', 'O', 'O', 'O', 'O', 'B-SYM', 'I-SYM', 'O', 'O', 'O', 'O', 'O', 'O']"
"['Salama', 'underlined', 'that', 'as', 'long', 'as', 'the', 'trend', 'of', 'treatment', 'in', 'hospitals', 'and', 'death', 'cases', 'do', 'not', 'increase', ',', 'the', 'COVID-19', 'pandemic', 'situation', ',', 'especially', 'in', 'Jakarta', ',', 'should', 'be', 'safe', 'and', 'under', 'control', '.']","['O', 'O', 'O', 'O', 'O', 'O', 'O', 'O', 'O', 'O', 'O', 'O', 'O', 'O', 'O', 'O', 'O', 'O', 'O', 'O', 'O', 'O', 'O', 'O', 'O', 'O', 'B-LOC', 'O', 'O', 'O', 'O', 'O', 'O', 'O', 'O']"
"['Nevertheless', ',', 'she', 'appealed', 'to', 'all', 'parties', 'to', 'increase', 'alertness', 'against', 'the', 'transmission', 'of', 'Arcturus', 'that', 'has', 'entered', 'Indonesia', '.']","['O', 'O', 'O', 'O', 'O', 'O', 'O', 'O', 'O', 'O', 'O', 'O', 'O', 'O', 'O', 'O', 'O', 'O', 'B-LOC', 'O']"
"['This', 'is', 'because', 'based', 'on', 'the', 'situation', 'in', 'India', '--', 'as', 'one', 'of', 'the', 'countries', 'that', 'experienced', 'a', 'surge', 'in', 'cases', 'due', 'to', 'Arcturus', '--', 'the', 'variant', 'largely', 'infects', 'children', '.']","['O', 'O', 'O', 'O', 'O', 'O', 'O', 'O', 'B-LOC', 'O', 'O', 'O', 'O', 'O', 'O', 'O', 'O', 'O', 'O', 'O', 'O', 'O', 'O', 'O', 'O', 'O', 'O', 'O', 'O', 'O', 'O']"
"['Copyright', '©', 'ANTARA', '2023']","['O', 'O', 'B-LOC', 'O']"
"['WASHINGTON', ':']","['B-LOC', 'O']"
"['The', 'National', 'Institutes', 'of', 'Health', 'is', 'beginning', 'a', 'handful', 'of', 'studies', 'to', 'test', 'possible', 'treatments', 'for', 'long', 'Covid', ',', 'an', 'anxiously', 'awaited', 'step', 'in', 'U.S.', 'efforts', 'against', 'the', 'mysterious', 'condition', 'that', 'afflicts', 'millions', '.']","['O', 'O', 'O', 'O', 'O', 'O', 'O', 'O', 'O', 'O', 'O', 'O', 'O', 'O', 'O', 'O', 'O', 'O', 'O', 'O', 'O', 'O', 'O', 'O', 'B-LOC', 'O', 'O', 'O', 'O', 'O', 'O', 'O', 'O', 'O']"
"['“', 'This', 'is', 'a', 'year', 'or', 'two', 'late', 'and', 'smaller', 'in', 'scope', 'than', 'one', 'would', 'hope', 'but', 'nevertheless', 'it', '’s', 'a', 'step', 'in', 'the', 'right', 'direction', ',', '”', 'said', 'Dr.', 'Ziyad', 'Al', '-', 'Aly', 'of', 'Washington', 'University', 'in', 'St.', 'Louis', ',', 'who', 'is', 'n’t', 'involved', 'with', 'NIH', '’s', 'project', 'but', 'whose', 'own', 'research', 'highlighted', 'long', 'Covid', '’s', 'toll', '.']","['O', 'O', 'O', 'O', 'O', 'O', 'O', 'O', 'O', 'O', 'O', 'O', 'O', 'O', 'O', 'O', 'O', 'O', 'O', 'O', 'O', 'O', 'O', 'O', 'O', 'O', 'O', 'O', 'O', 'O', 'O', 'O', 'O', 'O', 'O', 'O', 'O', 'O', 'B-LOC', 'I-LOC', 'O', 'O', 'O', 'O', 'O', 'O', 'O', 'O', 'O', 'O', 'O', 'O', 'O', 'O', 'O', 'O', 'O', 'O', 'O']"
"['—', 'Treatments', 'for', '“', 'brain', 'fog', '”', 'and', 'other', 'cognitive', 'problems', '.']","['O', 'O', 'O', 'B-SYM', 'I-SYM', 'I-SYM', 'O', 'O', 'O', 'O', 'O', 'O']"
"['They', 'include', 'Posit', 'Science', 'Corp.', '’s', 'BrainHQ', 'cognitive', 'training', 'program', ',', 'another', 'called', 'PASC', '-', 'Cognitive', 'Recovery', 'by', 'New', 'York', 'City', '’s', 'Mount', 'Sinai', 'Health', 'System', ',', 'and', 'a', 'Soterix', 'Medical', 'device', 'that', 'electrically', 'stimulates', 'brain', 'circuits', '.']","['O', 'O', 'O', 'O', 'O', 'O', 'O', 'O', 'O', 'O', 'O', 'O', 'O', 'O', 'O', 'O', 'O', 'O', 'B-LOC', 'I-LOC', 'I-LOC', 'O', 'O', 'O', 'O', 'O', 'O', 'O', 'O', 'O', 'O', 'O', 'O', 'O', 'O', 'O', 'O', 'O']"
"['Their', 'symptoms', 'often', 'resemble', 'a', 'cold', 'with', 'congestion', ',', 'cough', ',', 'low', '-', 'grade', 'fever', 'and', 'fatigue', '.']","['O', 'O', 'O', 'O', 'O', 'O', 'O', 'B-SYM', 'O', 'B-SYM', 'O', 'B-SYM', 'I-SYM', 'I-SYM', 'I-SYM', 'O', 'B-SYM', 'O']"
"['Other', 'symptoms', ',', 'such', 'as', 'loss', 'of', 'taste', 'and', 'smell', ',', 'can', 'not', 'be', 'treated', 'specifically', ',', 'but', 'they', 'generally', 'resolve', 'with', 'time', '.']","['O', 'O', 'O', 'O', 'O', 'B-SYM', 'I-SYM', 'I-SYM', 'I-SYM', 'I-SYM', 'O', 'O', 'O', 'O', 'O', 'O', 'O', 'O', 'O', 'O', 'O', 'O', 'O', 'O']"
"['Shortness', 'of', 'breath']","['B-SYM', 'I-SYM', 'I-SYM']"
"['Chest', 'pressure', 'or', 'pain']","['B-SYM', 'I-SYM', 'I-SYM', 'I-SYM']"
"['Severe', 'vomiting']","['B-SYM', 'I-SYM']"
"['Color', 'change', 'in', 'skin', ',', 'lips', 'or', 'nail', 'beds']","['B-SYM', 'I-SYM', 'I-SYM', 'I-SYM', 'I-SYM', 'I-SYM', 'I-SYM', 'I-SYM', 'I-SYM']"
"['Mental', 'changes', 'or', 'confusion']","['B-SYM', 'I-SYM', 'I-SYM', 'I-SYM']"
"['Trouble', 'breathing']","['B-SYM', 'I-SYM']"
"['Persistent', 'chest', 'pain']","['B-SYM', 'I-SYM', 'I-SYM']"
"['Bluish', 'lips', 'or', 'face']","['B-SYM', 'I-SYM', 'I-SYM', 'I-SYM']"
"['Severe', 'vomiting']","['B-SYM', 'I-SYM']"
"['Decrease', 'in', 'urination']","['B-SYM', 'I-SYM', 'I-SYM']"
"['COVID-19', 'can', 'cause', 'myocarditis', ',', 'which', 'is', 'an', 'inflammation', 'of', 'the', 'heart', 'muscle', '.']","['O', 'O', 'O', 'B-SYM', 'O', 'O', 'O', 'O', 'B-SYM', 'I-SYM', 'I-SYM', 'I-SYM', 'I-SYM', 'O']"
"['Any', 'symptoms', 'of', 'chest', 'pain', ',', 'shortness', 'of', 'breath', ',', 'lightheadedness', ',', 'fainting', 'or', 'heart', 'palpitations', 'could', 'indicate', 'myocarditis', '.']","['O', 'O', 'O', 'B-SYM', 'I-SYM', 'O', 'B-SYM', 'I-SYM', 'I-SYM', 'O', 'B-SYM', 'O', 'B-SYM', 'O', 'B-SYM', 'I-SYM', 'O', 'O', 'B-SYM', 'O']"
"['While', 'symptoms', 'can', 'vary', ',', 'they', 'generally', 'include', 'a', 'high', 'fever', 'and', 'inflammation', 'in', 'almost', 'any', 'organ', 'system', '.']","['O', 'O', 'O', 'O', 'O', 'O', 'O', 'O', 'O', 'B-SYM', 'I-SYM', 'O', 'B-SYM', 'O', 'O', 'O', 'O', 'O', 'O']"
"['People', 'experiencing', 'muscle', 'pain', 'is', 'seen', 'more', 'often', 'right', 'now', 'than', 'before', '.']","['O', 'O', 'B-SYM', 'I-SYM', 'O', 'O', 'O', 'O', 'O', 'O', 'O', 'O', 'O']"
"['Hoarse', 'voice', ',', 'cough', 'with', 'phlegm', ',', 'altered', 'sense', 'of', 'smell', ',', 'sneezing', 'and', 'blocked', 'nose', 'are', 'also', 'seen', 'commonly', 'in', 'COVID', 'patients', 'these', 'days', '.']","['B-SYM', 'I-SYM', 'O', 'B-SYM', 'I-SYM', 'I-SYM', 'O', 'B-SYM', 'I-SYM', 'I-SYM', 'I-SYM', 'O', 'B-SYM', 'O', 'B-SYM', 'I-SYM', 'O', 'O', 'O', 'O', 'O', 'O', 'O', 'O', 'O', 'O']"
"['The', 'majority', 'of', 'people', 'with', 'COVID-19', 'develop', 'mild', 'symptoms', 'such', 'as', 'a', 'cough', ',', 'fever', ',', 'and', 'fatigue', '.']","['O', 'O', 'O', 'O', 'O', 'O', 'O', 'O', 'O', 'O', 'O', 'O', 'B-SYM', 'O', 'B-SYM', 'O', 'O', 'B-SYM', 'O']"
"['COVID-19', 'can', 'cause', 'nasal', 'symptoms', 'similar', 'to', 'upper', 'respiratory', 'infections', ',', 'such', 'as', 'a', 'stuffy', 'or', 'runny', 'nose', '.']","['O', 'O', 'O', 'O', 'O', 'O', 'O', 'O', 'O', 'O', 'O', 'O', 'O', 'O', 'B-SYM', 'I-SYM', 'I-SYM', 'I-SYM', 'O']"
"['Some', 'anecdotal', 'reports', 'and', 'case', 'studies', 'also', 'describe', 'people', 'with', 'COVID-19', 'developing', 'a', 'nose', 'burning', 'sensation', '.']","['O', 'O', 'O', 'O', 'O', 'O', 'O', 'O', 'O', 'O', 'O', 'O', 'O', 'B-SYM', 'I-SYM', 'I-SYM', 'O']"
"['Keep', 'reading', 'as', 'we', 'take', 'a', 'deeper', 'look', 'at', 'whether', 'a', 'burning', 'sensation', 'in', 'your', 'nose', 'is', 'a', 'common', 'symptom', 'of', 'COVID-19', '.']","['O', 'O', 'O', 'O', 'O', 'O', 'O', 'O', 'O', 'O', 'O', 'B-SYM', 'I-SYM', 'I-SYM', 'I-SYM', 'I-SYM', 'O', 'O', 'O', 'O', 'O', 'O', 'O']"
"['Is', 'a', 'burning', 'sensation', 'in', 'the', 'nose', 'a', 'sign', 'of', 'COVID-19', '?']","['O', 'O', 'B-SYM', 'I-SYM', 'I-SYM', 'I-SYM', 'I-SYM', 'O', 'O', 'O', 'O', 'O']"
"['Burning', 'in', 'your', 'nose', 'can', 'potentially', 'be', 'a', 'symptom', 'of', 'COVID-19', ',', 'but', 'it', '’s', 'not', 'one', 'of', 'the', 'most', 'common', 'symptoms', '.']","['B-SYM', 'I-SYM', 'I-SYM', 'I-SYM', 'O', 'O', 'O', 'O', 'O', 'O', 'O', 'O', 'O', 'O', 'O', 'O', 'O', 'O', 'O', 'O', 'O', 'O', 'O']"
"['The', 'only', 'medical', 'studies', 'examining', 'nose', 'burning', 'are', 'isolated', 'case', 'studies', '.']","['O', 'O', 'O', 'O', 'O', 'B-SYM', 'I-SYM', 'O', 'O', 'O', 'O', 'O']"
"['What', 'causes', 'a', 'burning', 'sensation', 'in', 'your', 'nose', '?']","['O', 'O', 'O', 'B-SYM', 'I-SYM', 'O', 'O', 'O', 'O']"
"['A', 'burning', 'sensation', 'in', 'your', 'nose', 'can', 'be', 'caused', 'by', 'inflammation', 'in', 'your', 'sinuses', 'from', 'a', 'sinus', 'infection', '.']","['O', 'B-SYM', 'I-SYM', 'O', 'O', 'O', 'O', 'O', 'O', 'O', 'O', 'O', 'O', 'O', 'O', 'O', 'O', 'O', 'O']"
"['One', 'August', '2020', 'study', 'of', '1,773', 'people', 'with', 'COVID-19', 'found', 'that', '4.1', 'percent', 'developed', 'nasal', 'congestion', 'and', '2.1', 'percent', 'developed', 'a', 'runny', 'nose', '.']","['O', 'O', 'O', 'O', 'O', 'O', 'O', 'O', 'O', 'O', 'O', 'O', 'O', 'O', 'B-SYM', 'I-SYM', 'O', 'O', 'O', 'O', 'O', 'O', 'O', 'O']"
"['Most', 'common', 'nasal', 'symptoms', 'of', 'COVID-19', 'According', 'to', 'a', '2021', 'study', 'published', 'in', 'the', 'American', 'Journal', 'of', 'Otolaryngology', ',', 'about', '33', 'percent', 'of', 'people', 'with', 'COVID-19', 'have', 'mild', 'symptoms', 'affecting', 'the', 'nose', ',', 'such', 'as', 'loss', 'of', 'smell', 'or', 'taste', '.']","['O', 'O', 'O', 'O', 'O', 'O', 'O', 'O', 'O', 'O', 'O', 'O', 'O', 'O', 'O', 'O', 'O', 'O', 'O', 'O', 'O', 'O', 'O', 'O', 'O', 'O', 'O', 'O', 'O', 'O', 'O', 'O', 'O', 'O', 'O', 'B-SYM', 'I-SYM', 'I-SYM', 'I-SYM', 'I-SYM', 'O']"
"['Loss', 'or', 'reduction', 'of', 'taste', 'and', 'smell', 'are', 'frequently', 'reported', 'as', 'early', 'symptoms', 'of', 'COVID-19', '.']","['O', 'O', 'B-SYM', 'I-SYM', 'I-SYM', 'I-SYM', 'I-SYM', 'O', 'O', 'O', 'O', 'O', 'O', 'O', 'O', 'O']"
"['One', 'July', '2020', 'study', 'found', 'that', '73', 'percent', 'of', 'people', 'reported', 'a', 'loss', 'of', 'smell', 'prior', 'to', 'COVID-19', 'diagnosis', 'and', '26.6', 'percent', 'of', 'people', 'reported', 'it', 'as', 'the', 'initial', 'symptom', '.']","['O', 'B-TIM', 'I-TIM', 'O', 'O', 'O', 'O', 'O', 'O', 'O', 'O', 'O', 'B-SYM', 'I-SYM', 'I-SYM', 'O', 'O', 'O', 'O', 'O', 'O', 'O', 'O', 'O', 'O', 'O', 'O', 'O', 'O', 'O', 'O']"
"['Other', 'nasal', 'symptoms', 'linked', 'to', 'COVID-19', 'include', ':', 'stuffy', 'nose']","['O', 'O', 'O', 'O', 'O', 'O', 'O', 'O', 'B-SYM', 'I-SYM']"
"['runny', 'nose']","['B-SYM', 'I-SYM']"
"['trouble', 'breathing', 'out', 'of', 'the', 'nose']","['B-SYM', 'I-SYM', 'I-SYM', 'I-SYM', 'I-SYM', 'I-SYM']"
"['Fever', 'and', 'body', 'aches', 'are', 'n’t', 'symptoms', 'of', 'allergies', '.']","['B-SYM', 'O', 'B-SYM', 'I-SYM', 'O', 'O', 'O', 'O', 'O', 'O']"
"['Allergy', 'symptoms', 'typically', 'do', 'n’t', 'include', 'coughing', ',', 'unless', 'you', 'have', 'a', 'lot', 'of', 'drainage', 'in', 'your', 'nose', '.']","['O', 'O', 'O', 'O', 'O', 'O', 'B-SYM', 'O', 'O', 'O', 'O', 'O', 'O', 'O', 'O', 'O', 'O', 'O', 'O']"
"['The', 'flu', 'and', 'colds', 'do', 'n’t', 'typically', 'lead', 'to', 'shortness', 'of', 'breath', '.']","['O', 'O', 'O', 'O', 'O', 'O', 'O', 'O', 'O', 'B-SYM', 'I-SYM', 'I-SYM', 'O']"
"['persistent', 'pain', 'or', 'pressure', 'in', 'your', 'chest']","['B-SYM', 'I-SYM', 'I-SYM', 'I-SYM', 'I-SYM', 'I-SYM', 'I-SYM']"
"['pale', 'gray', 'or', 'blue', 'lips', ',', 'nails', ',', 'or', 'skin']","['B-SYM', 'I-SYM', 'I-SYM', 'I-SYM', 'I-SYM', 'I-SYM', 'I-SYM', 'I-SYM', 'I-SYM', 'I-SYM']"
"['other', 'concerning', 'symptoms', 'People', 'with', 'dark', 'skin', 'may', 'have', 'more', 'difficulty', 'noticing', 'discoloration', 'in', 'their', 'nails', ',', 'lips', ',', 'or', 'skin', '.']","['O', 'O', 'O', 'O', 'O', 'O', 'O', 'O', 'O', 'O', 'O', 'O', 'B-SYM', 'I-SYM', 'I-SYM', 'I-SYM', 'I-SYM', 'I-SYM', 'I-SYM', 'I-SYM', 'I-SYM', 'O']"
"['SEEING', 'RED', 'Covid', 'symptoms', '–', 'sore', ',', 'itchy', 'eyes', 'could', 'be', 'early', 'coronavirus', 'warning', 'sign', ',', 'experts', 'say']","['O', 'O', 'O', 'O', 'O', 'B-SYM', 'I-SYM', 'I-SYM', 'I-SYM', 'O', 'O', 'O', 'O', 'O', 'O', 'O', 'O', 'O']"
"['Whilst', 'the', 'key', 'signs', 'are', 'a', 'fever', ',', 'a', 'cough', 'and', 'a', 'loss', 'of', 'taste', 'and', 'smell', ',', 'it', ""'s"", 'also', 'becoming', 'clear', 'that', 'there', 'are', 'other', 'less', 'common', 'symptoms', '.']","['O', 'O', 'O', 'O', 'O', 'O', 'B-SYM', 'O', 'O', 'B-SYM', 'I-SYM', 'O', 'B-SYM', 'I-SYM', 'I-SYM', 'I-SYM', 'I-SYM', 'O', 'O', 'O', 'O', 'O', 'O', 'O', 'O', 'O', 'O', 'O', 'O', 'O', 'O']"
"['2', 'Sore', ',', 'itchy', 'eyes', 'could', 'be', 'a', 'sign', 'of', 'coronavirus', ',', 'experts', 'say', 'Credit', ':', 'Getty', 'Images', '-', 'Getty']","['O', 'B-SYM', 'I-SYM', 'I-SYM', 'I-SYM', 'O', 'O', 'O', 'O', 'O', 'O', 'O', 'O', 'O', 'O', 'O', 'O', 'O', 'O', 'O']"
"['Experts', 'now', 'believe', 'that', 'having', 'problems', 'with', 'the', 'eyes', 'could', 'be', 'an', 'indicator', 'that', 'someone', 'has', 'contracted', 'Covid-19', '.']","['O', 'O', 'O', 'O', 'O', 'B-SYM', 'I-SYM', 'I-SYM', 'I-SYM', 'O', 'O', 'O', 'O', 'O', 'O', 'O', 'O', 'O', 'O']"
"['A', 'recent', 'study', 'found', 'that', 'having', 'sore', ',', 'itchy', 'eyes', 'was', 'one', 'of', 'the', 'most', 'significant', 'ocular', 'symptom', 'in', 'Covid', 'patients', '.']","['O', 'O', 'O', 'O', 'O', 'O', 'B-SYM', 'I-SYM', 'I-SYM', 'I-SYM', 'O', 'O', 'O', 'O', 'O', 'O', 'O', 'O', 'O', 'O', 'O', 'O']"
"['They', 'warned', 'that', 'conjunctivitis', 'could', 'be', 'an', 'early', 'sign', 'of', 'Covid', '.']","['O', 'O', 'O', 'B-SYM', 'O', 'O', 'O', 'O', 'O', 'O', 'O', 'O']"
"['She', 'concluded', ':', '""', 'The', 'most', 'significant', 'ocular', 'symptom', 'experienced', 'by', 'people', 'suffering', 'from', 'Covid-19', 'was', 'sore', 'eyes', '.']","['O', 'O', 'O', 'O', 'O', 'O', 'O', 'O', 'O', 'O', 'O', 'O', 'O', 'O', 'O', 'O', 'B-SYM', 'I-SYM', 'I-SYM']"
"['""', 'Other', 'symptoms', 'associated', 'with', 'other', 'types', 'of', 'conjunctivitis', ',', 'such', 'as', 'mucous', 'discharge', 'and', 'gritty', 'eyes', 'linked', 'to', 'bacterial', 'infection', ',', 'did', 'not', 'reach', 'significance', '.']","['O', 'O', 'O', 'O', 'O', 'O', 'O', 'O', 'B-SYM', 'O', 'O', 'O', 'B-SYM', 'I-SYM', 'O', 'B-SYM', 'I-SYM', 'O', 'O', 'O', 'O', 'O', 'O', 'O', 'O', 'O', 'O']"
"['""', 'The', 'term', '‘', 'conjunctivitis', '’', 'is', 'too', 'broad', 'and', 'should', 'be', 'used', 'with', 'caution', '.']","['O', 'O', 'O', 'B-SYM', 'I-SYM', 'O', 'O', 'O', 'O', 'O', 'O', 'O', 'O', 'O', 'O', 'O']"
"['The', 'NHS', 'does', ""n't"", 'list', 'red', 'eyes', '-', 'or', 'any', 'eye', 'issues', '-', 'on', 'its', 'official', 'list', 'of', 'symptoms', '.']","['O', 'O', 'O', 'O', 'O', 'B-SYM', 'I-SYM', 'O', 'O', 'O', 'O', 'O', 'O', 'O', 'O', 'O', 'O', 'O', 'O', 'O']"
"['While', 'the', 'College', 'of', 'Optometrists', 'and', 'The', 'Royal', 'College', 'of', 'Ophthalmologists', 'say', 'it', 'is', 'unlikely', 'patients', 'would', 'develop', 'red', 'eyes', 'without', 'other', 'symptoms', 'of', 'coronavirus', '.']","['O', 'O', 'O', 'O', 'O', 'O', 'O', 'O', 'O', 'O', 'O', 'O', 'O', 'O', 'O', 'O', 'O', 'O', 'B-SYM', 'I-SYM', 'O', 'O', 'O', 'O', 'O', 'O']"
"['A', 'spokeswoman', 'said', ':', '""', 'Recent', 'reports', 'have', 'suggested', 'that', 'Covid-19', 'may', 'cause', 'conjunctivitis', ',', 'and', 'it', 'is', 'known', 'that', 'viral', 'particles', 'can', 'be', 'found', 'in', 'tears', ',', 'which', 'has', 'caused', 'some', 'concern', 'amongst', 'eye', 'health', 'professionals', '.']","['O', 'O', 'O', 'O', 'O', 'O', 'O', 'O', 'O', 'O', 'O', 'O', 'O', 'B-SYM', 'O', 'O', 'O', 'O', 'O', 'O', 'O', 'O', 'O', 'O', 'O', 'O', 'O', 'O', 'O', 'O', 'O', 'O', 'O', 'O', 'O', 'O', 'O', 'O']"
